epoch,deconv1_v1_loss,deconv1_v2_loss,deconv1_v3_loss,loss,val_deconv1_v1_loss,val_deconv1_v2_loss,val_deconv1_v3_loss,val_loss
0,0.111225925385952,0.08385303616523743,0.0894227996468544,0.28450173139572144,NA,NA,NA,NA
1,0.05702630430459976,0.03713542968034744,0.04172854498028755,0.13589030504226685,NA,NA,NA,NA
2,0.03512325510382652,0.0270539578050375,0.02891925349831581,0.09109647572040558,NA,NA,NA,NA
3,0.026866326108574867,0.023685529828071594,0.023995963856577873,0.07454783469438553,NA,NA,NA,NA
4,0.023408789187669754,0.020159251987934113,0.021163612604141235,0.0647316500544548,NA,NA,NA,NA
5,0.02112104371190071,0.01827230118215084,0.019135143607854843,0.05852850526571274,NA,NA,NA,NA
6,0.01954856514930725,0.01864626631140709,0.017951682209968567,0.0561465285718441,NA,NA,NA,NA
7,0.018381476402282715,0.015920491889119148,0.016593873500823975,0.05089583992958069,NA,NA,NA,NA
8,0.017707092687487602,0.014909138903021812,0.016466913744807243,0.04908314719796181,NA,NA,NA,NA
9,0.016530217602849007,0.014154577627778053,0.014851219020783901,0.04553602635860443,NA,NA,NA,NA
10,0.015902478247880936,0.013598524034023285,0.014216865412890911,0.04371785745024681,NA,NA,NA,NA
11,0.015340742655098438,0.012890670448541641,0.013714468106627464,0.041945889592170715,NA,NA,NA,NA
12,0.014844540506601334,0.012687984853982925,0.013305467553436756,0.04083799198269844,NA,NA,NA,NA
13,0.014367005787789822,0.012026374228298664,0.012911088764667511,0.039304468780756,NA,NA,NA,NA
14,0.01376754604279995,0.011477234773337841,0.012408771552145481,0.03765355795621872,NA,NA,NA,NA
15,0.013376840390264988,0.011370539665222168,0.01195394154638052,0.036701325327157974,NA,NA,NA,NA
16,0.012997000478208065,0.010857940651476383,0.01165836676955223,0.03551330789923668,NA,NA,NA,NA
17,0.012914801016449928,0.010591930709779263,0.011504087597131729,0.03501081094145775,NA,NA,NA,NA
18,0.012415352277457714,0.010470920242369175,0.011090828105807304,0.03397710621356964,NA,NA,NA,NA
19,0.012092087417840958,0.010021422989666462,0.010824847966432571,0.03293836489319801,NA,NA,NA,NA
20,0.011702596209943295,0.009752756915986538,0.010541996918618679,0.031997352838516235,NA,NA,NA,NA
21,0.011458403430879116,0.022678198292851448,0.01030635368078947,0.04444296658039093,NA,NA,NA,NA
22,0.011332784779369831,0.011379589326679707,0.010348842479288578,0.03306121379137039,NA,NA,NA,NA
23,0.010972785763442516,0.009852861985564232,0.009890357032418251,0.030716005712747574,NA,NA,NA,NA
24,0.010799707844853401,0.009429045021533966,0.009747977368533611,0.029976736754179,NA,NA,NA,NA
25,0.010580463334918022,0.009136563166975975,0.009629933163523674,0.029346957802772522,NA,NA,NA,NA
26,0.010409456677734852,0.008957237005233765,0.009328266605734825,0.028694961220026016,NA,NA,NA,NA
27,0.010164102539420128,0.0087648406624794,0.009197112172842026,0.028126049786806107,NA,NA,NA,NA
28,0.010019194334745407,0.008602273650467396,0.009122074581682682,0.027743542566895485,NA,NA,NA,NA
29,0.009800463914871216,0.008458388969302177,0.009061823599040508,0.027320679277181625,NA,NA,NA,NA
30,0.009910940192639828,0.008300096727907658,0.008657906204462051,0.02686893939971924,NA,NA,NA,NA
31,0.009457021951675415,0.008191760629415512,0.008947091177105904,0.02659587375819683,NA,NA,NA,NA
32,0.009318329393863678,0.008073494769632816,0.008551976643502712,0.025943804532289505,NA,NA,NA,NA
33,0.009161337278783321,0.007977412082254887,0.00829143263399601,0.025430183857679367,NA,NA,NA,NA
34,0.009104770608246326,0.007941944524645805,0.008199096657335758,0.02524581365287304,NA,NA,NA,NA
35,0.008908485062420368,0.007802303414791822,0.008242507465183735,0.024953294545412064,NA,NA,NA,NA
36,0.008833526633679867,0.00777363870292902,0.008068711496889591,0.024675872176885605,NA,NA,NA,NA
37,0.008914835751056671,0.007616812363266945,0.008121914230287075,0.024653559550642967,NA,NA,NA,NA
38,0.00850667804479599,0.0074518052861094475,0.007855084724724293,0.02381357178092003,NA,NA,NA,NA
39,0.008446256630122662,0.007386128883808851,0.0077479188330471516,0.02358030527830124,NA,NA,NA,NA
40,0.008340463042259216,0.00732005899772048,0.0076142167672514915,0.0232747383415699,NA,NA,NA,NA
41,0.008271518163383007,0.007191115524619818,0.00754777155816555,0.02301040291786194,NA,NA,NA,NA
42,0.008067753165960312,0.007137461099773645,0.00754014914855361,0.022745365276932716,NA,NA,NA,NA
43,0.00804382748901844,0.007106505800038576,0.0073433080688118935,0.0224936380982399,NA,NA,NA,NA
44,0.007866116240620613,0.007025104481726885,0.007266336120665073,0.02215755730867386,NA,NA,NA,NA
45,0.008034227415919304,0.006876409985125065,0.00714913010597229,0.022059768438339233,NA,NA,NA,NA
46,0.007920823059976101,0.006839282810688019,0.007120853289961815,0.02188095636665821,NA,NA,NA,NA
47,0.007580190896987915,0.006859697867184877,0.007060294505208731,0.02150018699467182,NA,NA,NA,NA
48,0.007440844085067511,0.006648414768278599,0.006945870351046324,0.021035123616456985,NA,NA,NA,NA
49,0.00755096971988678,0.00660192035138607,0.006905671674758196,0.02105855941772461,NA,NA,NA,NA
50,0.007296434603631496,0.0070516495034098625,0.006820606999099255,0.021168692037463188,NA,NA,NA,NA
51,0.007200802676379681,0.007066879887133837,0.0067413984797894955,0.021009085699915886,NA,NA,NA,NA
52,0.007238334510475397,0.006441965699195862,0.0278896726667881,0.04156997799873352,NA,NA,NA,NA
53,0.007154169492423534,0.0062905424274504185,0.012075208127498627,0.02551991678774357,NA,NA,NA,NA
54,0.007211881224066019,0.00626673037186265,0.008897662162780762,0.022376276552677155,NA,NA,NA,NA
55,0.03003077395260334,0.006216998677700758,0.00788973644375801,0.04413750767707825,NA,NA,NA,NA
56,0.0109182670712471,0.006130721885710955,0.007454199250787497,0.024503188207745552,NA,NA,NA,NA
57,0.00856816302984953,0.006105711217969656,0.007195558398962021,0.02186943218111992,NA,NA,NA,NA
58,0.007852159440517426,0.006159015465527773,0.006979276891797781,0.02099045179784298,NA,NA,NA,NA
59,0.007471893448382616,0.005970889236778021,0.006804479286074638,0.020247258245944977,NA,NA,NA,NA
60,0.007226881571114063,0.006125073414295912,0.006772754713892937,0.020124711096286774,NA,NA,NA,NA
61,0.007070181425660849,0.005954232066869736,0.006534619722515345,0.019559036940336227,NA,NA,NA,NA
62,0.006931702606379986,0.005813532043248415,0.0064827133901417255,0.019227951765060425,NA,NA,NA,NA
63,0.006874605547636747,0.005872417241334915,0.006351865828037262,0.01909889280796051,NA,NA,NA,NA
64,0.00674078892916441,0.005808316636830568,0.0064589157700538635,0.01900802180171013,NA,NA,NA,NA
65,0.00668022595345974,0.006251484155654907,0.006336151156574488,0.019267860800027847,NA,NA,NA,NA
66,0.006590504664927721,0.0056885308586061,0.006151158362627029,0.0184301920235157,NA,NA,NA,NA
67,0.006556781940162182,0.005576108582317829,0.00610943092033267,0.01824232004582882,NA,NA,NA,NA
68,0.0064728157594799995,0.005520150531083345,0.006025657057762146,0.018018625676631927,NA,NA,NA,NA
69,0.006411717273294926,0.005548293702304363,0.0060482933185994625,0.01800830475986004,NA,NA,NA,NA
70,0.006335865706205368,0.005596862640231848,0.005976073443889618,0.01790880411863327,NA,NA,NA,NA
71,0.0063033150508999825,0.005554008297622204,0.0059788110665977,0.017836136743426323,NA,NA,NA,NA
72,0.006240615621209145,0.005372012034058571,0.005878256168216467,0.01749088242650032,NA,NA,NA,NA
73,0.0062706791795790195,0.005349752958863974,0.005795121192932129,0.01741555705666542,NA,NA,NA,NA
74,0.006211110856384039,0.005353014450520277,0.005755499470978975,0.017319627106189728,NA,NA,NA,NA
75,0.006083420943468809,0.0055602858774363995,0.005765191279351711,0.01740889810025692,NA,NA,NA,NA
76,0.0060405489057302475,0.005229270551353693,0.005761236883699894,0.01703105866909027,NA,NA,NA,NA
77,0.005997026804834604,0.0053731356747448444,0.005641825031489134,0.017011988908052444,NA,NA,NA,NA
78,0.005952285602688789,0.005232797469943762,0.005639988929033279,0.016825074329972267,NA,NA,NA,NA
79,0.005963034462183714,0.005382374860346317,0.005600299686193466,0.01694570481777191,NA,NA,NA,NA
80,0.005891209468245506,0.005090892314910889,0.005560237914323807,0.016542337834835052,NA,NA,NA,NA
81,0.005861057434231043,0.005011124536395073,0.005542413797229528,0.016414593905210495,NA,NA,NA,NA
82,0.005849751178175211,0.0052072820253670216,0.005413880571722984,0.01647091656923294,NA,NA,NA,NA
83,0.005770345218479633,0.005029184743762016,0.005444191861897707,0.016243720427155495,NA,NA,NA,NA
84,0.005718106869608164,0.0053364671766757965,0.005679859314113855,0.01673443242907524,NA,NA,NA,NA
85,0.005812451709061861,0.004936749115586281,0.005317284259945154,0.01606648601591587,NA,NA,NA,NA
86,0.005647539161145687,0.005021692719310522,0.005259938538074493,0.015929173678159714,NA,NA,NA,NA
87,0.005604271776974201,0.005022193770855665,0.005303562618792057,0.01593002863228321,NA,NA,NA,NA
88,0.005589921027421951,0.004811221268028021,0.005190280731767416,0.015591423027217388,NA,NA,NA,NA
89,0.005553075578063726,0.004808647558093071,0.005268682260066271,0.015630405396223068,NA,NA,NA,NA
90,0.005659162998199463,0.004939395934343338,0.005245016887784004,0.015843573957681656,NA,NA,NA,NA
91,0.005471834447234869,0.004717628937214613,0.0051427483558654785,0.015332212671637535,NA,NA,NA,NA
92,0.0054153865203261375,0.004845373798161745,0.005138995125889778,0.015399755910038948,NA,NA,NA,NA
93,0.005432960577309132,0.004837626591324806,0.005179943051189184,0.015450527891516685,NA,NA,NA,NA
94,0.00537846190854907,0.004648893140256405,0.005057468079030514,0.015084823593497276,NA,NA,NA,NA
95,0.0054483735002577305,0.004600297659635544,0.004999429918825626,0.015048101544380188,NA,NA,NA,NA
96,0.005291260313242674,0.004763476550579071,0.005011653993278742,0.015066392719745636,NA,NA,NA,NA
97,0.005244256928563118,0.004609941970556974,0.005030206870287657,0.014884406700730324,NA,NA,NA,NA
98,0.005233920644968748,0.004783847369253635,0.004938364960253239,0.014956135302782059,NA,NA,NA,NA
99,0.005216334015130997,0.0045914719812572,0.00494085717946291,0.014748664572834969,NA,NA,NA,NA
100,0.005226046312600374,0.004502786323428154,0.004966682754456997,0.014695515856146812,NA,NA,NA,NA
101,0.005216875579208136,0.004559188615530729,0.004825454670935869,0.014601516537368298,NA,NA,NA,NA
102,0.005141288973391056,0.004530557431280613,0.004917683079838753,0.014589531347155571,NA,NA,NA,NA
103,0.00515501294285059,0.004764077719300985,0.004784107208251953,0.014703200198709965,NA,NA,NA,NA
104,0.005013494286686182,0.0043902406468987465,0.0049056108109653,0.014309345744550228,NA,NA,NA,NA
105,0.005072871223092079,0.00434066541492939,0.004758537746965885,0.014172076247632504,NA,NA,NA,NA
106,0.005084032658487558,0.004302939400076866,0.004737763199955225,0.0141247333958745,NA,NA,NA,NA
107,0.004992748610675335,0.004547145217657089,0.004714473150670528,0.014254368841648102,NA,NA,NA,NA
108,0.004964968655258417,0.004574911668896675,0.00473783491179347,0.014277716167271137,NA,NA,NA,NA
109,0.004968526307493448,0.004302313085645437,0.00456797843798995,0.013838818296790123,NA,NA,NA,NA
110,0.005288036540150642,0.004336487036198378,0.004761531017720699,0.014386056922376156,NA,NA,NA,NA
111,0.004780607298016548,0.004228869453072548,0.004574269521981478,0.013583746738731861,NA,NA,NA,NA
112,0.004750332795083523,0.004167590290307999,0.004673298913985491,0.013591223396360874,NA,NA,NA,NA
113,0.004769887309521437,0.0043551805429160595,0.004772527143359184,0.013897594064474106,NA,NA,NA,NA
114,0.004721716977655888,0.004547154065221548,0.004470245447009802,0.013739115558564663,NA,NA,NA,NA
115,0.004840004723519087,0.004132200963795185,0.004445853643119335,0.01341805886477232,NA,NA,NA,NA
116,0.00476841488853097,0.00413806876167655,0.004554517567157745,0.013461001217365265,NA,NA,NA,NA
117,0.004883238114416599,0.004157749470323324,0.004472712986171246,0.013513701967895031,NA,NA,NA,NA
118,0.004704004619270563,0.004146610852330923,0.004476974718272686,0.013327588327229023,NA,NA,NA,NA
119,0.004596352577209473,0.0041655246168375015,0.004413428716361523,0.013175306841731071,NA,NA,NA,NA
120,0.004837885499000549,0.0041181896813213825,0.004435703624039888,0.013391776941716671,NA,NA,NA,NA
121,0.004606424365192652,0.004077549558132887,0.004450535401701927,0.013134506531059742,NA,NA,NA,NA
122,0.004588148090988398,0.004013531841337681,0.0043946257792413235,0.012996308505535126,NA,NA,NA,NA
123,0.00452980725094676,0.004269426688551903,0.004341571591794491,0.013140805065631866,NA,NA,NA,NA
124,0.00449176412075758,0.004087269771844149,0.004291375633329153,0.012870408594608307,NA,NA,NA,NA
125,0.004552818369120359,0.003994829021394253,0.0044297510758042336,0.012977397069334984,NA,NA,NA,NA
126,0.004555806051939726,0.00400121184065938,0.004234094172716141,0.012791112065315247,NA,NA,NA,NA
127,0.004403260070830584,0.003988408949226141,0.004253158811479807,0.012644828297197819,NA,NA,NA,NA
128,0.004412608686834574,0.0038934096228331327,0.004213256295770407,0.012519273906946182,NA,NA,NA,NA
129,0.004510650411248207,0.0041038659401237965,0.004249016288667917,0.012863531708717346,NA,NA,NA,NA
130,0.004436713643372059,0.003883847501128912,0.004363092128187418,0.012683652341365814,NA,NA,NA,NA
131,0.004407411441206932,0.003955470863729715,0.004145470913499594,0.012508354149758816,NA,NA,NA,NA
132,0.004333158954977989,0.0039061778225004673,0.004166397266089916,0.012405735440552235,NA,NA,NA,NA
133,0.004356159828603268,0.003968439996242523,0.004082159139215946,0.012406757101416588,NA,NA,NA,NA
134,0.004327393602579832,0.00397086888551712,0.004142367281019688,0.012440628372132778,NA,NA,NA,NA
135,0.004240003414452076,0.0038013821467757225,0.004187589045614004,0.01222897320985794,NA,NA,NA,NA
136,0.004399868194013834,0.00396916177123785,0.004128521773964167,0.012497550807893276,NA,NA,NA,NA
137,0.007990284822881222,0.0037270153407007456,0.00401674211025238,0.01573404297232628,NA,NA,NA,NA
138,0.004607955925166607,0.0037504276260733604,0.004033166915178299,0.012391550466418266,NA,NA,NA,NA
139,0.004214753396809101,0.003719667438417673,0.004072569776326418,0.012006989680230618,NA,NA,NA,NA
140,0.004126186948269606,0.004087008535861969,0.004017752129584551,0.012230945751070976,NA,NA,NA,NA
141,0.004076335579156876,0.0037232376635074615,0.0039450181648135185,0.011744591407477856,NA,NA,NA,NA
142,0.004063254687935114,0.003691365011036396,0.004129390232264996,0.011884010396897793,NA,NA,NA,NA
143,0.004031331278383732,0.0036208289675414562,0.0041793580166995525,0.01183151826262474,NA,NA,NA,NA
144,0.004016335587948561,0.004407599568367004,0.00398692162707448,0.01241085771471262,NA,NA,NA,NA
145,0.00401137163862586,0.003638563444837928,0.0038564999122172594,0.01150643453001976,NA,NA,NA,NA
146,0.004010304808616638,0.0035921242088079453,0.0038670822978019714,0.01146951038390398,NA,NA,NA,NA
147,0.004003363661468029,0.003590930951759219,0.0039002643898129463,0.011494558304548264,NA,NA,NA,NA
148,0.0039929891936481,0.0035960699897259474,0.003821735270321369,0.011410794220864773,NA,NA,NA,NA
149,0.004029606003314257,0.0036469819024205208,0.003875653725117445,0.011552243493497372,NA,NA,NA,NA
150,0.004000475630164146,0.003672186750918627,0.0037868411745876074,0.011459503322839737,NA,NA,NA,NA
151,0.004025539383292198,0.0035489825531840324,0.004044011700898409,0.011618534103035927,NA,NA,NA,NA
152,0.003931742161512375,0.003593016415834427,0.004090919625014067,0.011615675874054432,NA,NA,NA,NA
153,0.003918634727597237,0.003576455404981971,0.0037405770272016525,0.011235668323934078,NA,NA,NA,NA
154,0.003971654921770096,0.003696394618600607,0.003695373423397541,0.011363423429429531,NA,NA,NA,NA
155,0.003907580394297838,0.003517457516863942,0.0036937480326741934,0.011118787340819836,NA,NA,NA,NA
156,0.004039213061332703,0.003573638154193759,0.003681326750665903,0.011294176802039146,NA,NA,NA,NA
157,0.0039033011998981237,0.0034770409110933542,0.0037846630439162254,0.011165005154907703,NA,NA,NA,NA
158,0.003984835464507341,0.003569128457456827,0.003647568402811885,0.011201531626284122,NA,NA,NA,NA
159,0.0038146059960126877,0.0035548198502510786,0.003670718288049102,0.01104014553129673,NA,NA,NA,NA
160,0.00378997391089797,0.0035549704916775227,0.0036877356469631195,0.011032678186893463,NA,NA,NA,NA
161,0.003982472699135542,0.003606168320402503,0.0037499454338103533,0.011338585056364536,NA,NA,NA,NA
162,0.004026554059237242,0.004032089374959469,0.0038455105386674404,0.011904152110219002,NA,NA,NA,NA
163,0.00374668394215405,0.0034668503794819117,0.0036090381909161806,0.010822574608027935,NA,NA,NA,NA
164,0.0037073567509651184,0.003379266010597348,0.0035935165360569954,0.010680137202143669,NA,NA,NA,NA
165,0.003759483341127634,0.00335373030975461,0.003571317298337817,0.010684529319405556,NA,NA,NA,NA
166,0.003847060725092888,0.003369585843756795,0.003587436629459262,0.01080408412963152,NA,NA,NA,NA
167,0.003788887057453394,0.0035684723407030106,0.00358860706910491,0.010945968329906464,NA,NA,NA,NA
168,0.004059695638716221,0.0033942086156457663,0.003703729948028922,0.011157633736729622,NA,NA,NA,NA
169,0.0036910613998770714,0.0033121020533144474,0.0035263209138065577,0.010529483668506145,NA,NA,NA,NA
170,0.0036457402165979147,0.003544934093952179,0.0035571728367358446,0.010747845284640789,NA,NA,NA,NA
171,0.0036293999291956425,0.0033179596066474915,0.003561337711289525,0.010508694685995579,NA,NA,NA,NA
172,0.0036652334965765476,0.0033659390173852444,0.0037076796870678663,0.010738851502537727,NA,NA,NA,NA
173,0.0036678763572126627,0.0033552534878253937,0.0036717448383569717,0.01069487351924181,NA,NA,NA,NA
174,0.0036767281126230955,0.0033186879009008408,0.003533713985234499,0.01052913162857294,NA,NA,NA,NA
175,0.0036643794737756252,0.003390999510884285,0.0034000228624790907,0.010455403476953506,NA,NA,NA,NA
176,0.003654275555163622,0.003344060853123665,0.0034082760103046894,0.010406612418591976,NA,NA,NA,NA
177,0.003703162306919694,0.0034641746897250414,0.003510799491778016,0.010678136721253395,NA,NA,NA,NA
178,0.0035367566160857677,0.003338395617902279,0.0033981387969106436,0.010273291729390621,NA,NA,NA,NA
179,0.003639852162450552,0.0032495888881385326,0.003522843588143587,0.010412286035716534,NA,NA,NA,NA
180,0.003537168027833104,0.0032469849102199078,0.0034315551165491343,0.01021570898592472,NA,NA,NA,NA
181,0.0036505074240267277,0.0032453942112624645,0.003385236021131277,0.010281136259436607,NA,NA,NA,NA
182,0.0035090919118374586,0.0035667316988110542,0.003607863560318947,0.010683687403798103,NA,NA,NA,NA
183,0.0036454300861805677,0.003221278078854084,0.0035089156590402126,0.010375621728599072,NA,NA,NA,NA
184,0.003861099248751998,0.0031792637892067432,0.003355151740834117,0.010395513847470284,NA,NA,NA,NA
185,0.003471817122772336,0.0033056181855499744,0.0036239612381905317,0.01040139701217413,NA,NA,NA,NA
186,0.0034242882393300533,0.0032616755925118923,0.00331515003927052,0.010001112706959248,NA,NA,NA,NA
187,0.0034745235461741686,0.0031893046107143164,0.003268746891990304,0.00993257574737072,NA,NA,NA,NA
188,0.003703767666593194,0.003179312450811267,0.003303914563730359,0.010186994448304176,NA,NA,NA,NA
189,0.003421472618356347,0.0034595592878758907,0.0032966858707368374,0.010177717544138432,NA,NA,NA,NA
190,0.0033980323933064938,0.0031996476463973522,0.003375836880877614,0.009973515756428242,NA,NA,NA,NA
191,0.0034893143456429243,0.0031423356849700212,0.0033599596936255693,0.009991609491407871,NA,NA,NA,NA
192,0.003453189041465521,0.0031537413597106934,0.003268380416557193,0.009875310584902763,NA,NA,NA,NA
193,0.003500677179545164,0.0036103425081819296,0.0032952004112303257,0.01040621753782034,NA,NA,NA,NA
194,0.0033610942773520947,0.003176733385771513,0.0032835910096764565,0.00982141774147749,NA,NA,NA,NA
195,0.0034392783418297768,0.0030731812585145235,0.0032695948611944914,0.009782055392861366,NA,NA,NA,NA
196,0.003460159758105874,0.003079337766394019,0.003463541390374303,0.010003038682043552,NA,NA,NA,NA
197,0.003468818962574005,0.003266051411628723,0.003237340832129121,0.00997221190482378,NA,NA,NA,NA
198,0.0033863987773656845,0.0030730715952813625,0.0031951144337654114,0.009654583409428596,NA,NA,NA,NA
199,0.003265962703153491,0.003095132065936923,0.0033515235409140587,0.009712617844343185,NA,NA,NA,NA
200,0.003342266893014312,0.0030665427912026644,0.003196875797584653,0.00960568618029356,NA,NA,NA,NA
201,0.0032784549985080957,0.0030559413135051727,0.003161223139613867,0.009495618753135204,NA,NA,NA,NA
202,0.0034456695429980755,0.0032295810524374247,0.0031379074789583683,0.0098131587728858,NA,NA,NA,NA
203,0.0032736645080149174,0.003054386004805565,0.0032724463380873203,0.009600496850907803,NA,NA,NA,NA
204,0.0032697529532015324,0.003152407705783844,0.003156491555273533,0.009578653611242771,NA,NA,NA,NA
205,0.003249432658776641,0.0030338368378579617,0.0032008395064622164,0.009484107606112957,NA,NA,NA,NA
206,0.0033872080966830254,0.0030242016073316336,0.0031922804191708565,0.009603690356016159,NA,NA,NA,NA
207,0.003230329602956772,0.003295897739008069,0.0031502419151365757,0.009676470421254635,NA,NA,NA,NA
208,0.0032480163499712944,0.003000685479491949,0.0031835383269935846,0.009432240389287472,NA,NA,NA,NA
209,0.0032063922844827175,0.0030162108596414328,0.0031814330723136663,0.009404038079082966,NA,NA,NA,NA
210,0.0032270324882119894,0.0030334352049976587,0.0031871343962848186,0.009447602555155754,NA,NA,NA,NA
211,0.0032832312863320112,0.002999925287440419,0.0031535110902041197,0.009436667896807194,NA,NA,NA,NA
212,0.003352116094902158,0.00305637763813138,0.0030412490013986826,0.009449741803109646,NA,NA,NA,NA
213,0.0031523159705102444,0.0029654791578650475,0.0031343603041023016,0.009252154268324375,NA,NA,NA,NA
214,0.0031461298931390047,0.0030367772560566664,0.0032511360477656126,0.009434044361114502,NA,NA,NA,NA
215,0.003322895849123597,0.0031706131994724274,0.0031411966774612665,0.009634707123041153,NA,NA,NA,NA
216,0.0031254778150469065,0.0029375101439654827,0.003012905130162835,0.00907589215785265,NA,NA,NA,NA
217,0.003126025665551424,0.0029648009222000837,0.002971214009448886,0.009062042459845543,NA,NA,NA,NA
218,0.0033082759473472834,0.0029672333039343357,0.003015593159943819,0.009291102178394794,NA,NA,NA,NA
219,0.0031163201201707125,0.0030132599640637636,0.0031288014724850655,0.009258381091058254,NA,NA,NA,NA
220,0.003139380132779479,0.0030940331052988768,0.0030179833993315697,0.009251396171748638,NA,NA,NA,NA
221,0.003127150470390916,0.0029878660570830107,0.003094996092841029,0.009210011921823025,NA,NA,NA,NA
222,0.0031002711039036512,0.002909715985879302,0.003234323114156723,0.009244311600923538,NA,NA,NA,NA
223,0.003169253934174776,0.003100914414972067,0.003030197462067008,0.00930036325007677,NA,NA,NA,NA
224,0.003144008107483387,0.0028687678277492523,0.002965132240206003,0.00897790864109993,NA,NA,NA,NA
225,0.0030753116589039564,0.0028699978720396757,0.0029724999330937862,0.008917808532714844,NA,NA,NA,NA
226,0.003096408909186721,0.0029425742104649544,0.0030862402636557817,0.009125224314630032,NA,NA,NA,NA
227,0.003106179181486368,0.0028603735845535994,0.0029510250315070152,0.008917574770748615,NA,NA,NA,NA
228,0.0030134182889014482,0.0031410164665430784,0.003154079895466566,0.009308514185249805,NA,NA,NA,NA
229,0.003093224484473467,0.002825831761583686,0.002950008725747466,0.008869064040482044,NA,NA,NA,NA
230,0.0030618433374911547,0.002909098519012332,0.0030784958507865667,0.009049438871443272,NA,NA,NA,NA
231,0.003193747950717807,0.0029714915435761213,0.0029954477213323116,0.00916068721562624,NA,NA,NA,NA
232,0.0029533852357417345,0.0029639725107699633,0.0028898308519273996,0.008807188831269741,NA,NA,NA,NA
233,0.0030082103330641985,0.0029203779995441437,0.0032212024088948965,0.009149790741503239,NA,NA,NA,NA
234,0.0030620968900620937,0.0028467250522226095,0.002905238652601838,0.008814061060547829,NA,NA,NA,NA
235,0.0030611655674874783,0.0028395820409059525,0.0028565621469169855,0.00875730998814106,NA,NA,NA,NA
236,0.002971323672682047,0.0027980240993201733,0.002843507332727313,0.008612855337560177,NA,NA,NA,NA
237,0.00293864868581295,0.002978918608278036,0.0029204925522208214,0.008838060311973095,NA,NA,NA,NA
238,0.002934209769591689,0.002850164892151952,0.002921427832916379,0.00870580319315195,NA,NA,NA,NA
239,0.0034157985355705023,0.0027718665078282356,0.0028704325668513775,0.009058099240064621,NA,NA,NA,NA
240,0.002942838007584214,0.0028406756464391947,0.0030143815092742443,0.008797895163297653,NA,NA,NA,NA
241,0.0029156820382922888,0.002878376515582204,0.0029031012672930956,0.008697159588336945,NA,NA,NA,NA
242,0.0029267931822687387,0.002896873513236642,0.002807430922985077,0.00863109715282917,NA,NA,NA,NA
243,0.0028786847833544016,0.002810494741424918,0.0028850201051682234,0.008574199862778187,NA,NA,NA,NA
244,0.0030458399560302496,0.002772669307887554,0.002824129071086645,0.00864263903349638,NA,NA,NA,NA
245,0.002910650335252285,0.0029238045681267977,0.002841067733243108,0.008675522170960903,NA,NA,NA,NA
246,0.0031535979360342026,0.0028473243582993746,0.003067698562517762,0.009068621322512627,NA,NA,NA,NA
247,0.0028844422195106745,0.0027991386596113443,0.0028591491281986237,0.008542729541659355,NA,NA,NA,NA
248,0.0028445494826883078,0.002783523639664054,0.0027773042675107718,0.008405378088355064,NA,NA,NA,NA
249,0.0028985068202018738,0.0027580128517001867,0.0028853616677224636,0.00854188296943903,NA,NA,NA,NA
250,0.0028961151838302612,0.0027656774036586285,0.0027961302548646927,0.008457922376692295,NA,NA,NA,NA
251,0.003016627859324217,0.0028727229218930006,0.0030243443325161934,0.008913693949580193,NA,NA,NA,NA
252,0.002844111993908882,0.0027372261974960566,0.0027714152820408344,0.008352752774953842,NA,NA,NA,NA
253,0.0028450642712414265,0.0026928645092993975,0.002780783688649535,0.008318712934851646,NA,NA,NA,NA
254,0.00285317818634212,0.0028580736834555864,0.002844715490937233,0.008555968292057514,NA,NA,NA,NA
255,0.00291999033652246,0.00273679057136178,0.0027436022646725178,0.008400386199355125,NA,NA,NA,NA
256,0.0028192014433443546,0.0028188196010887623,0.0028461948968470097,0.00848421547561884,NA,NA,NA,NA
257,0.002884119749069214,0.002760597737506032,0.002995094982907176,0.008639813400804996,NA,NA,NA,NA
258,0.0028333186637610197,0.002677567768841982,0.002737410832196474,0.008248296566307545,NA,NA,NA,NA
259,0.002893222728744149,0.0026576637756079435,0.002762108575552702,0.008312994614243507,NA,NA,NA,NA
260,0.0028222266118973494,0.0027411833871155977,0.0027240493800491095,0.0082874596118927,NA,NA,NA,NA
261,0.0028030273970216513,0.0028606585692614317,0.002716689370572567,0.008380375802516937,NA,NA,NA,NA
262,0.00280309678055346,0.0027333591133356094,0.0027853709179908037,0.008321826346218586,NA,NA,NA,NA
263,0.002797010587528348,0.002982338424772024,0.002833561971783638,0.008612911216914654,NA,NA,NA,NA
264,0.0030708499252796173,0.002635308774188161,0.002802623203024268,0.008508780971169472,NA,NA,NA,NA
265,0.002763347001746297,0.0026497847866266966,0.002682763384655118,0.008095894940197468,NA,NA,NA,NA
266,0.002734185429289937,0.0026215575635433197,0.0027453515212982893,0.008101094514131546,NA,NA,NA,NA
267,0.0027434523217380047,0.002728351391851902,0.0027426937595009804,0.008214497938752174,NA,NA,NA,NA
268,0.0027523161843419075,0.0027333293110132217,0.002645239932462573,0.008130884729325771,NA,NA,NA,NA
269,0.0028685336001217365,0.0026093272026628256,0.002851705066859722,0.008329564705491066,NA,NA,NA,NA
270,0.0027376883663237095,0.0026813095901161432,0.002660812344402075,0.008079810999333858,NA,NA,NA,NA
271,0.002806588541716337,0.0026095432695001364,0.002617256250232458,0.008033388294279575,NA,NA,NA,NA
272,0.0029865361284464598,0.002832873025909066,0.002643751446157694,0.008463161066174507,NA,NA,NA,NA
273,0.0027624585200101137,0.0026352207642048597,0.003349367529153824,0.008747046813368797,NA,NA,NA,NA
274,0.002688765060156584,0.0027083514723926783,0.006084746681153774,0.011481862515211105,NA,NA,NA,NA
275,0.002704574493691325,0.002574764657765627,0.0033628372475504875,0.00864217709749937,NA,NA,NA,NA
276,0.0027001446578651667,0.002574653597548604,0.0027284668758511543,0.008003266528248787,NA,NA,NA,NA
277,0.0027944401372224092,0.0027179671451449394,0.002611159812659025,0.008123566396534443,NA,NA,NA,NA
278,0.002742142416536808,0.0026313485577702522,0.002581348642706871,0.007954837754368782,NA,NA,NA,NA
279,0.002674041548743844,0.002940734615549445,0.0025695187505334616,0.008184295147657394,NA,NA,NA,NA
280,0.0026485223788768053,0.002606161404401064,0.002545747673138976,0.007800430990755558,NA,NA,NA,NA
281,0.0027913334779441357,0.0025845353957265615,0.0025467216037213802,0.007922590710222721,NA,NA,NA,NA
282,0.0027201424818485975,0.0025238499511033297,0.0025444605853408575,0.007788452319800854,NA,NA,NA,NA
283,0.002704316982999444,0.0025425839703530073,0.00255479384213686,0.0078016952611505985,NA,NA,NA,NA
284,0.002697444986552,0.0026362729258835316,0.002519180765375495,0.00785289891064167,NA,NA,NA,NA
285,0.002640537219122052,0.002600595820695162,0.002541489899158478,0.007782622706145048,NA,NA,NA,NA
286,0.002684333361685276,0.002629469381645322,0.002528849057853222,0.00784265249967575,NA,NA,NA,NA
287,0.0026090843603014946,0.002657066797837615,0.0025168289430439472,0.007782979402691126,NA,NA,NA,NA
288,0.002902490086853504,0.0025309056509286165,0.0025425597559660673,0.007975954562425613,NA,NA,NA,NA
289,0.0026113695930689573,0.002858445281162858,0.002514537889510393,0.007984350435435772,NA,NA,NA,NA
290,0.00261253141798079,0.0025541484355926514,0.00260910508222878,0.007775784935802221,NA,NA,NA,NA
291,0.0026984489522874355,0.0025712994392961264,0.002595988567918539,0.00786573626101017,NA,NA,NA,NA
292,0.0026683101896196604,0.002631551818922162,0.0025499153416603804,0.007849778048694134,NA,NA,NA,NA
293,0.0026028594002127647,0.0024952851235866547,0.0026039029471576214,0.007702047936618328,NA,NA,NA,NA
294,0.0026123104616999626,0.0024844971485435963,0.0025036477018147707,0.007600454613566399,NA,NA,NA,NA
295,0.002863449975848198,0.0025738291442394257,0.0025348616763949394,0.007972142659127712,NA,NA,NA,NA
296,0.0026516683865338564,0.0025526892859488726,0.00260133552365005,0.007805692497640848,NA,NA,NA,NA
297,0.002599491737782955,0.002603062428534031,0.0025267882738262415,0.007729343604296446,NA,NA,NA,NA
298,0.002636892255395651,0.0025481150951236486,0.0025760638527572155,0.007761070039123297,NA,NA,NA,NA
299,0.002584371017292142,0.0025205689016729593,0.0025032733101397753,0.007608212996274233,NA,NA,NA,NA
300,0.002557015046477318,0.0025591272860765457,0.0029175765812397003,0.00803371798247099,NA,NA,NA,NA
301,0.0025604271795600653,0.002536417916417122,0.002522766590118408,0.007619611918926239,NA,NA,NA,NA
302,0.0026111265178769827,0.0025226545985788107,0.00248695001937449,0.007620730437338352,NA,NA,NA,NA
303,0.0026376545429229736,0.0025397224817425013,0.0024972332175821066,0.007674610707908869,NA,NA,NA,NA
304,0.002632514573633671,0.0024930345825850964,0.0024823369458317757,0.0076078856363892555,NA,NA,NA,NA
305,0.002675520721822977,0.0027281739749014378,0.002530754078179598,0.0079344492405653,NA,NA,NA,NA
306,0.002534588798880577,0.002502531511709094,0.0029454026371240616,0.007982523180544376,NA,NA,NA,NA
307,0.002504852833226323,0.002463718643411994,0.0024993205443024635,0.007467892486602068,NA,NA,NA,NA
308,0.0026865387335419655,0.0024648942053318024,0.0024613854475319386,0.007612818852066994,NA,NA,NA,NA
309,0.002579378429800272,0.0026232695672661066,0.0024450761266052723,0.0076477243565022945,NA,NA,NA,NA
310,0.0025496778544038534,0.0025426517240703106,0.00244364095851779,0.00753597030416131,NA,NA,NA,NA
311,0.0025035429280251265,0.002543399343267083,0.0024404115974903107,0.007487353403121233,NA,NA,NA,NA
312,0.002633925760164857,0.002450155559927225,0.002511431695893407,0.007595512550324202,NA,NA,NA,NA
313,0.0024880622513592243,0.0024457471445202827,0.0025858867447823286,0.007519696839153767,NA,NA,NA,NA
314,0.0026199999265372753,0.002455796580761671,0.002438408089801669,0.0075142052955925465,NA,NA,NA,NA
315,0.0025356896221637726,0.002513619838282466,0.0025324788875877857,0.0075817895121872425,NA,NA,NA,NA
316,0.0024800600949674845,0.0025329729542136192,0.0024458826519548893,0.007458915933966637,NA,NA,NA,NA
317,0.0024932848755270243,0.002439315663650632,0.0025508736725896597,0.007483473978936672,NA,NA,NA,NA
318,0.0025253333151340485,0.002512565115466714,0.002421061508357525,0.007458960171788931,NA,NA,NA,NA
319,0.0029810145497322083,0.002643487649038434,0.0025078540202230215,0.008132358081638813,NA,NA,NA,NA
320,0.0024908464401960373,0.0024907351471483707,0.0024712958838790655,0.007452878635376692,NA,NA,NA,NA
321,0.002459160517901182,0.0024180382024496794,0.002434919588267803,0.007312119472771883,NA,NA,NA,NA
322,0.0024063047021627426,0.002366088330745697,0.0025719767436385155,0.007344371173530817,NA,NA,NA,NA
323,0.002427184022963047,0.002495598280802369,0.002389956032857299,0.007312739733606577,NA,NA,NA,NA
324,0.0025590050499886274,0.002436213893815875,0.0024501022417098284,0.007445320952683687,NA,NA,NA,NA
325,0.002442753640934825,0.0024227045942097902,0.0024456202518194914,0.007311077788472176,NA,NA,NA,NA
326,0.002451407490298152,0.0024333596229553223,0.002477965783327818,0.0073627326637506485,NA,NA,NA,NA
327,0.00254765129648149,0.0024468996562063694,0.002486261073499918,0.007480812259018421,NA,NA,NA,NA
328,0.0024413031060248613,0.002436889335513115,0.002646273234859109,0.007524465210735798,NA,NA,NA,NA
329,0.002483159303665161,0.0025142605882138014,0.002472353633493185,0.007469773292541504,NA,NA,NA,NA
330,0.002478214679285884,0.0023707689251750708,0.0023758222814649343,0.007224806118756533,NA,NA,NA,NA
331,0.0026379036717116833,0.0024805390276014805,0.0024179837200790644,0.007536426652222872,NA,NA,NA,NA
332,0.0025089262053370476,0.002455312293022871,0.002431982895359397,0.007396222557872534,NA,NA,NA,NA
333,0.0026087318547070026,0.002398667624220252,0.002371980808675289,0.0073793791234493256,NA,NA,NA,NA
334,0.0024814745411276817,0.0023545213043689728,0.002604322973638773,0.007440316956490278,NA,NA,NA,NA
335,0.00238113384693861,0.0024775962810963392,0.0023933646734803915,0.007252094801515341,NA,NA,NA,NA
336,0.002377487486228347,0.002367009175941348,0.0023648811038583517,0.007109376601874828,NA,NA,NA,NA
337,0.00236876355484128,0.0024573453702032566,0.0024068476632237434,0.00723295658826828,NA,NA,NA,NA
338,0.002472175285220146,0.0024888990446925163,0.002478318987414241,0.007439393550157547,NA,NA,NA,NA
339,0.0025835277047008276,0.002363633830100298,0.0025390125811100006,0.0074861738830804825,NA,NA,NA,NA
340,0.0024468335323035717,0.002372812945395708,0.002328344387933612,0.007147991098463535,NA,NA,NA,NA
341,0.002361641963943839,0.0024133860133588314,0.002336970530450344,0.007111997809261084,NA,NA,NA,NA
342,0.002466333331540227,0.002542183268815279,0.0023487715516239405,0.007357287686318159,NA,NA,NA,NA
343,0.0025129560381174088,0.0023385167587548494,0.0023835983593016863,0.007235070690512657,NA,NA,NA,NA
344,0.002396143041551113,0.0023195603862404823,0.0025819516740739346,0.007297653239220381,NA,NA,NA,NA
345,0.0023470683954656124,0.0023536470253020525,0.0023496998474001884,0.007050416432321072,NA,NA,NA,NA
346,0.0027301753871142864,0.002502777148038149,0.0023252477403730154,0.007558200042694807,NA,NA,NA,NA
347,0.002407859545201063,0.002375449752435088,0.0023192393127828836,0.00710254954174161,NA,NA,NA,NA
348,0.002323193708434701,0.0023342876229435205,0.00234077381901443,0.006998255383223295,NA,NA,NA,NA
349,0.00231112795881927,0.00234043225646019,0.0025022609625011683,0.007153820712119341,NA,NA,NA,NA
350,0.002366660162806511,0.0023335982114076614,0.0025484589859843254,0.007248718291521072,NA,NA,NA,NA
351,0.0023547373712062836,0.0025281840935349464,0.0023238281719386578,0.007206748239696026,NA,NA,NA,NA
352,0.0024638879112899303,0.0023126977030187845,0.002296674298122525,0.007073261309415102,NA,NA,NA,NA
353,0.0023494611959904432,0.0023293206468224525,0.0023603730369359255,0.007039153948426247,NA,NA,NA,NA
354,0.0023602675646543503,0.0023334252182394266,0.0023463342804461718,0.007040027529001236,NA,NA,NA,NA
355,0.0024103722535073757,0.0023602002765983343,0.0023995013907551765,0.0071700746193528175,NA,NA,NA,NA
356,0.0023535294458270073,0.002452546963468194,0.0023030627053231,0.007109140977263451,NA,NA,NA,NA
357,0.0023090937174856663,0.0023277457803487778,0.00226589129306376,0.00690273055806756,NA,NA,NA,NA
358,0.002300902735441923,0.002365543507039547,0.0022974770981818438,0.00696392310783267,NA,NA,NA,NA
359,0.002405760809779167,0.00230040168389678,0.0024549185764044523,0.007161080837249756,NA,NA,NA,NA
360,0.0024920094292610884,0.002366668311879039,0.002390223788097501,0.007248901296406984,NA,NA,NA,NA
361,0.0023021164815872908,0.0022922863718122244,0.002256369451060891,0.006850771140307188,NA,NA,NA,NA
362,0.00250806100666523,0.0023734134156256914,0.002255653264001012,0.0071371267549693584,NA,NA,NA,NA
363,0.002449463354423642,0.0023322489578276873,0.002291750628501177,0.007073462009429932,NA,NA,NA,NA
364,0.002330638002604246,0.002300208667293191,0.002400954719632864,0.007031800225377083,NA,NA,NA,NA
365,0.002267121570184827,0.002274720463901758,0.002289733150973916,0.006831575185060501,NA,NA,NA,NA
366,0.0023536488879472017,0.002508847275748849,0.0026041038800030947,0.007466599345207214,NA,NA,NA,NA
367,0.002393367700278759,0.002390600275248289,0.002288456540554762,0.007072423584759235,NA,NA,NA,NA
368,0.002328782342374325,0.0023035702761262655,0.0022367024794220924,0.006869054399430752,NA,NA,NA,NA
369,0.0022602176759392023,0.0022674521896988153,0.002246654126793146,0.006774323992431164,NA,NA,NA,NA
370,0.0023793578147888184,0.002265912713482976,0.002263121074065566,0.006908392999321222,NA,NA,NA,NA
371,0.0022808408830314875,0.0022814790718257427,0.002336465520784259,0.006898785941302776,NA,NA,NA,NA
372,0.0023640978615731,0.0022963862866163254,0.0022921620402485132,0.006952647585421801,NA,NA,NA,NA
373,0.002373956609517336,0.0023179608397185802,0.0022391644306480885,0.006931081414222717,NA,NA,NA,NA
374,0.002304641529917717,0.0022506883833557367,0.0022762396838515997,0.006831570528447628,NA,NA,NA,NA
375,0.0023590459022670984,0.0023645274341106415,0.002500191330909729,0.0072237662971019745,NA,NA,NA,NA
376,0.0024334387853741646,0.0030344685073941946,0.00233249319717288,0.007800398860126734,NA,NA,NA,NA
377,0.0022896057926118374,0.0023186851758509874,0.0022458438761532307,0.006854133680462837,NA,NA,NA,NA
378,0.0023277883883565664,0.002212615916505456,0.0022419055458158255,0.006782309152185917,NA,NA,NA,NA
379,0.002245961455628276,0.0022211112082004547,0.002195078181102872,0.006662150379270315,NA,NA,NA,NA
380,0.0022392263635993004,0.0022000554017722607,0.0022914709988981485,0.006730751600116491,NA,NA,NA,NA
381,0.0023835005704313517,0.0022434776183217764,0.0023523615673184395,0.006979337893426418,NA,NA,NA,NA
382,0.0022913299035280943,0.0022173412144184113,0.0022909161634743214,0.006799587048590183,NA,NA,NA,NA
383,0.0023115226067602634,0.002335435478016734,0.002211532788351178,0.006858490873128176,NA,NA,NA,NA
384,0.0022482078056782484,0.0022860539611428976,0.0023242265451699495,0.0068584890104830265,NA,NA,NA,NA
385,0.0022777081467211246,0.002301200293004513,0.002218392677605152,0.006797301582992077,NA,NA,NA,NA
386,0.0024482039734721184,0.0022034484427422285,0.002253610175102949,0.006905263289809227,NA,NA,NA,NA
387,0.002264518290758133,0.0021826967131346464,0.002484552562236786,0.006931766401976347,NA,NA,NA,NA
388,0.002270520431920886,0.002187417121604085,0.002205051714554429,0.006662988103926182,NA,NA,NA,NA
389,0.0023375204764306545,0.002255363157019019,0.002180743496865034,0.0067736259661614895,NA,NA,NA,NA
390,0.002394274575635791,0.0022353893145918846,0.0022357057314366102,0.006865368690341711,NA,NA,NA,NA
391,0.0022268821485340595,0.0022591378074139357,0.002189942169934511,0.006675961893051863,NA,NA,NA,NA
392,0.002198821399360895,0.0022090997081249952,0.0023727123625576496,0.006780634168535471,NA,NA,NA,NA
393,0.0022023108322173357,0.002353752963244915,0.002424696460366249,0.006980762351304293,NA,NA,NA,NA
394,0.002220588969066739,0.002317489357665181,0.0021615074947476387,0.006699586287140846,NA,NA,NA,NA
395,0.002512536710128188,0.002212289720773697,0.002159786643460393,0.006884614005684853,NA,NA,NA,NA
396,0.002224209252744913,0.0022348505444824696,0.002146666869521141,0.006605725269764662,NA,NA,NA,NA
397,0.0021801134571433067,0.002181523945182562,0.002279930515214801,0.0066415658220648766,NA,NA,NA,NA
398,0.00218961201608181,0.002224866533651948,0.0021789169404655695,0.00659339502453804,NA,NA,NA,NA
399,0.0022861084435135126,0.002270262688398361,0.002144788857549429,0.0067011588253080845,NA,NA,NA,NA
400,0.0022224863059818745,0.002302407054230571,0.0021520613227039576,0.006676954682916403,NA,NA,NA,NA
401,0.002422371879220009,0.00223062583245337,0.002626528264954686,0.007279526442289352,NA,NA,NA,NA
402,0.0022298621479421854,0.0022018819581717253,0.002247365191578865,0.006679109297692776,NA,NA,NA,NA
403,0.0021605368237942457,0.0022641795221716166,0.0021479176357388496,0.006572633981704712,NA,NA,NA,NA
404,0.0021879072301089764,0.002514718798920512,0.0021209102123975754,0.00682353600859642,NA,NA,NA,NA
405,0.0021687678527086973,0.0021859456319361925,0.0022066980600357056,0.006561411079019308,NA,NA,NA,NA
406,0.0023545187432318926,0.002140563679859042,0.0021454798988997936,0.006640561856329441,NA,NA,NA,NA
407,0.0022711262572556734,0.0021666635293513536,0.0022104729432612658,0.006648262031376362,NA,NA,NA,NA
408,0.0022078377660363913,0.00214408035390079,0.002169715939089656,0.006521633360534906,NA,NA,NA,NA
409,0.002183100674301386,0.002223249524831772,0.002254691207781434,0.006661040708422661,NA,NA,NA,NA
410,0.002310250885784626,0.0021794824860990047,0.0021636085584759712,0.006653343327343464,NA,NA,NA,NA
411,0.0021853188518434763,0.00216899486258626,0.0020977449603378773,0.006452059373259544,NA,NA,NA,NA
412,0.0021905386820435524,0.002364270156249404,0.0023571306373924017,0.006911939941346645,NA,NA,NA,NA
413,0.0021499802824109793,0.002261349931359291,0.002144936705008149,0.006556267384439707,NA,NA,NA,NA
414,0.0023244612384587526,0.002147682709619403,0.0021905750036239624,0.006662718020379543,NA,NA,NA,NA
415,0.0022585506085306406,0.0021876576356589794,0.0021510364022105932,0.0065972451120615005,NA,NA,NA,NA
416,0.0021302609238773584,0.0021505476906895638,0.002090411726385355,0.006371221039444208,NA,NA,NA,NA
417,0.0021390989422798157,0.0023867341224104166,0.002176295267418027,0.0067021287977695465,NA,NA,NA,NA
418,0.0022424599155783653,0.0021393855568021536,0.002172305714339018,0.006554151885211468,NA,NA,NA,NA
419,0.002133942674845457,0.0021481469739228487,0.0021731092128902674,0.006455198861658573,NA,NA,NA,NA
420,0.0022004349157214165,0.002237602137029171,0.002193543128669262,0.006631581112742424,NA,NA,NA,NA
421,0.0021402165293693542,0.0021187569946050644,0.0021173502318561077,0.006376323755830526,NA,NA,NA,NA
422,0.002423719270154834,0.002284889342263341,0.002171320840716362,0.006879929453134537,NA,NA,NA,NA
423,0.002155411522835493,0.0021355869248509407,0.002406892366707325,0.0066978903487324715,NA,NA,NA,NA
424,0.0021172722335904837,0.0021003352012485266,0.0021525113843381405,0.006370119284838438,NA,NA,NA,NA
425,0.002258698921650648,0.0022236790973693132,0.0021102509927004576,0.0065926299430429935,NA,NA,NA,NA
426,0.0022391818929463625,0.0021727068815380335,0.002146634040400386,0.006558522116392851,NA,NA,NA,NA
427,0.002145355800166726,0.0022204946726560593,0.0021974158007651567,0.006563266739249229,NA,NA,NA,NA
428,0.00211075390689075,0.0021378998644649982,0.0020961302798241377,0.0063447835855185986,NA,NA,NA,NA
429,0.002117609139531851,0.0021296492777764797,0.0022275529336184263,0.006474812515079975,NA,NA,NA,NA
430,0.0022982105147093534,0.002413554582744837,0.0021105881314724684,0.006822355091571808,NA,NA,NA,NA
431,0.002133173868060112,0.0021255495958030224,0.0020642622839659452,0.006322987377643585,NA,NA,NA,NA
432,0.002117329277098179,0.0020823064260184765,0.002095472998917103,0.006295108236372471,NA,NA,NA,NA
433,0.0021436281967908144,0.0021317359060049057,0.002112103160470724,0.006387467496097088,NA,NA,NA,NA
434,0.002150556305423379,0.0021444533485919237,0.0021181677002459764,0.006413177587091923,NA,NA,NA,NA
435,0.002239448484033346,0.00229304819367826,0.0021483346354216337,0.006680830381810665,NA,NA,NA,NA
436,0.00213118945248425,0.002103846287354827,0.0020917425863444805,0.00632677786052227,NA,NA,NA,NA
437,0.002182292053475976,0.0021119234152138233,0.0020914250053465366,0.006385639775544405,NA,NA,NA,NA
438,0.002330547198653221,0.002192727057263255,0.0022406624630093575,0.00676393648609519,NA,NA,NA,NA
439,0.0021292518358677626,0.0020833273883908987,0.0020903516560792923,0.006302931811660528,NA,NA,NA,NA
440,0.002113515743985772,0.0021965932101011276,0.0021306918933987617,0.006440800614655018,NA,NA,NA,NA
441,0.00211456511169672,0.002164856530725956,0.002076444448903203,0.006355866324156523,NA,NA,NA,NA
442,0.0021922981832176447,0.002066217130050063,0.002184721641242504,0.0064432378858327866,NA,NA,NA,NA
443,0.002093326533213258,0.0021195008885115385,0.002187730511650443,0.006400559097528458,NA,NA,NA,NA
444,0.002187773585319519,0.0021559237502515316,0.00210093567147851,0.006444632075726986,NA,NA,NA,NA
445,0.002123552141711116,0.0020991452038288116,0.002100891200825572,0.0063235885463654995,NA,NA,NA,NA
446,0.0021006965544074774,0.0022691157646477222,0.0020485117565840483,0.006418323609977961,NA,NA,NA,NA
447,0.0021825984586030245,0.0020999645348638296,0.0020772917196154594,0.006359854247421026,NA,NA,NA,NA
448,0.0022447193041443825,0.0020633952226489782,0.0022892924025654793,0.006597406696528196,NA,NA,NA,NA
449,0.0020553413778543472,0.0021470992360264063,0.002097305841743946,0.0062997471541166306,NA,NA,NA,NA
450,0.0020674453116953373,0.0022445637732744217,0.0020182072184979916,0.006330216769129038,NA,NA,NA,NA
451,0.0026791186537593603,0.0022304938174784184,0.002029813826084137,0.006939427927136421,NA,NA,NA,NA
452,0.0021047003101557493,0.002089793561026454,0.0020532833877950907,0.00624777702614665,NA,NA,NA,NA
453,0.0020290405955165625,0.002054244512692094,0.002101956633850932,0.0061852410435676575,NA,NA,NA,NA
454,0.0020266373176127672,0.002049266127869487,0.002088533015921712,0.006164437159895897,NA,NA,NA,NA
455,0.0020580680575221777,0.002242998918518424,0.00204559531994164,0.006346662063151598,NA,NA,NA,NA
456,0.0020380974747240543,0.0022672598715871572,0.0020418779458850622,0.006347235292196274,NA,NA,NA,NA
457,0.0021897524129599333,0.0020557628013193607,0.0023887725546956062,0.006634288001805544,NA,NA,NA,NA
458,0.0020340222399681807,0.0020569246262311935,0.0020373270381242037,0.006128273438662291,NA,NA,NA,NA
459,0.0021303726825863123,0.0021127634681761265,0.002019105711951852,0.006262240000069141,NA,NA,NA,NA
460,0.002368421293795109,0.0021148219238966703,0.0020008475985378027,0.006484091281890869,NA,NA,NA,NA
461,0.0020572575740516186,0.0020243546459823847,0.0019942475482821465,0.006075860001146793,NA,NA,NA,NA
462,0.0020243029575794935,0.002172816079109907,0.002086039399728179,0.006283159367740154,NA,NA,NA,NA
463,0.0020281122997403145,0.002059814753010869,0.002086662920191884,0.00617458950728178,NA,NA,NA,NA
464,0.0020232764072716236,0.0021178284659981728,0.0020830926951020956,0.00622419873252511,NA,NA,NA,NA
465,0.0020814980380237103,0.0020991626661270857,0.002074920805171132,0.006255580112338066,NA,NA,NA,NA
466,0.0020634299144148827,0.002065258799120784,0.002050386741757393,0.00617907615378499,NA,NA,NA,NA
467,0.0024520293809473515,0.0020911190658807755,0.002142163924872875,0.006685313303023577,NA,NA,NA,NA
468,0.0020515674259513617,0.002144302474334836,0.0020354031585156918,0.006231272127479315,NA,NA,NA,NA
469,0.0020635987166315317,0.0020685235504060984,0.0020143925212323666,0.006146514322608709,NA,NA,NA,NA
470,0.002132992260158062,0.002104842336848378,0.0020649724174290895,0.00630280701443553,NA,NA,NA,NA
471,0.0020184298045933247,0.0021107832435518503,0.002004720037803054,0.0061339340172708035,NA,NA,NA,NA
472,0.0020272028632462025,0.002138958079740405,0.0023936405777931213,0.006559799890965223,NA,NA,NA,NA
473,0.0020608582999557257,0.0020592419896274805,0.0020154775120317936,0.006135578267276287,NA,NA,NA,NA
474,0.002039982471615076,0.002125218976289034,0.001969636883586645,0.006134838797152042,NA,NA,NA,NA
475,0.002097674645483494,0.0020336960442364216,0.0019898179452866316,0.006121188402175903,NA,NA,NA,NA
476,0.002339492319151759,0.0020177816040813923,0.001982299843803048,0.006339574232697487,NA,NA,NA,NA
477,0.0020412830635905266,0.002257349668070674,0.001999761676415801,0.006298395339399576,NA,NA,NA,NA
478,0.0019904442597180605,0.0020362725481390953,0.002007056027650833,0.006033772137016058,NA,NA,NA,NA
479,0.0019945662934333086,0.0020166735630482435,0.0020643670577555895,0.006075607147067785,NA,NA,NA,NA
480,0.0023247504141181707,0.0020279211457818747,0.002326891990378499,0.006679563317447901,NA,NA,NA,NA
481,0.002038783859461546,0.002092965180054307,0.00202350877225399,0.0061552561819553375,NA,NA,NA,NA
482,0.0019850728567689657,0.0020117750391364098,0.001963592367246747,0.0059604402631521225,NA,NA,NA,NA
483,0.0020223811734467745,0.002125788014382124,0.001980772241950035,0.006128940265625715,NA,NA,NA,NA
484,0.0019952687434852123,0.002057535108178854,0.0019758688285946846,0.006028673145920038,NA,NA,NA,NA
485,0.0020581595599651337,0.0022446729708462954,0.00201146281324327,0.006314295809715986,NA,NA,NA,NA
486,0.002110176021233201,0.002073319861665368,0.0020325430668890476,0.006216038484126329,NA,NA,NA,NA
487,0.002047846792265773,0.0020244300831109285,0.0020648720674216747,0.006137148477137089,NA,NA,NA,NA
488,0.00203900970518589,0.0019906549714505672,0.002033338649198413,0.006063002627342939,NA,NA,NA,NA
489,0.002074349904432893,0.002071674447506666,0.0019617138896137476,0.006107737310230732,NA,NA,NA,NA
490,0.0020727282389998436,0.0021485728211700916,0.002019441919401288,0.006240743678063154,NA,NA,NA,NA
491,0.0022079874761402607,0.0019956273026764393,0.002026868052780628,0.00623048422858119,NA,NA,NA,NA
492,0.002060757717117667,0.0019939353223890066,0.001955882180482149,0.006010576616972685,NA,NA,NA,NA
493,0.0020316792652010918,0.002034141682088375,0.0020841637160629034,0.006149984896183014,NA,NA,NA,NA
494,0.0019712892826646566,0.0022125064861029387,0.0020310671534389257,0.00621486222371459,NA,NA,NA,NA
495,0.002033012919127941,0.0020133035723119974,0.0020146581809967756,0.006060974672436714,NA,NA,NA,NA
496,0.0019899876788258553,0.0019990685395896435,0.0020720476750284433,0.006061103194952011,NA,NA,NA,NA
497,0.002094009192660451,0.00221747113391757,0.0019965218380093575,0.006308001931756735,NA,NA,NA,NA
498,0.001969331642612815,0.0020488379523158073,0.0019929129630327225,0.006011081859469414,NA,NA,NA,NA
499,0.0019990738946944475,0.001965504139661789,0.0020048439037054777,0.005969421938061714,NA,NA,NA,NA
