epoch,loss,v1_decoder_0_loss,v2_decoder_0_loss,v3_decoder_0_loss,v4_decoder_0_loss,v5_decoder_0_loss,v6_decoder_0_loss,val_loss,val_v1_decoder_0_loss,val_v2_decoder_0_loss,val_v3_decoder_0_loss,val_v4_decoder_0_loss,val_v5_decoder_0_loss,val_v6_decoder_0_loss
0,0.6219527125358582,0.042820557951927185,0.11105088144540787,0.07436881959438324,0.2107565701007843,0.0546560101211071,0.12829987704753876,NA,NA,NA,NA,NA,NA,NA
1,0.3158125877380371,0.02318798378109932,0.0333675742149353,0.06080342084169388,0.12958335876464844,0.021165525540709496,0.04770471155643463,NA,NA,NA,NA,NA,NA,NA
2,0.17034614086151123,0.00934127438813448,0.03115069679915905,0.021994249895215034,0.06631670892238617,0.018628211691975594,0.02291499450802803,NA,NA,NA,NA,NA,NA,NA
3,0.14934822916984558,0.007144302129745483,0.030176375061273575,0.01372709684073925,0.06141700968146324,0.01793406531214714,0.018949367105960846,NA,NA,NA,NA,NA,NA,NA
4,0.14170679450035095,0.00648252060636878,0.029219595715403557,0.011918037198483944,0.05917220935225487,0.01766303926706314,0.01725137047469616,NA,NA,NA,NA,NA,NA,NA
5,0.13387301564216614,0.006056059151887894,0.02351464331150055,0.011085251346230507,0.05871725454926491,0.017576206475496292,0.016923610121011734,NA,NA,NA,NA,NA,NA,NA
6,0.12697440385818481,0.005920873023569584,0.017411421984434128,0.01083618588745594,0.058527931571006775,0.017496077343821526,0.016781920567154884,NA,NA,NA,NA,NA,NA,NA
7,0.12556606531143188,0.00584112573415041,0.01632733829319477,0.010729921981692314,0.05846497043967247,0.017472710460424423,0.016729984432458878,NA,NA,NA,NA,NA,NA,NA
8,0.12466402351856232,0.0057923635467886925,0.015602599829435349,0.010683439671993256,0.05843959003686905,0.0174477007240057,0.0166983250528574,NA,NA,NA,NA,NA,NA,NA
9,0.12412509322166443,0.0057521359995007515,0.015225411392748356,0.010645187459886074,0.05841008946299553,0.017416590824723244,0.016675680875778198,NA,NA,NA,NA,NA,NA,NA
10,0.12323994189500809,0.005718020722270012,0.014407270587980747,0.010614984668791294,0.05843106284737587,0.017405904829502106,0.016662701964378357,NA,NA,NA,NA,NA,NA,NA
11,0.12096225470304489,0.0056726038455963135,0.012273685075342655,0.010572865605354309,0.05840279906988144,0.017388872802257538,0.01665143296122551,NA,NA,NA,NA,NA,NA,NA
12,0.11936000734567642,0.005565534345805645,0.010941222310066223,0.01050316821783781,0.05836763605475426,0.017348021268844604,0.016634412109851837,NA,NA,NA,NA,NA,NA,NA
13,0.11821356415748596,0.0052277687937021255,0.010274726897478104,0.01040362473577261,0.058370571583509445,0.01730598509311676,0.01663088984787464,NA,NA,NA,NA,NA,NA,NA
14,0.11598735302686691,0.0043329340405762196,0.009769315831363201,0.010146810673177242,0.058343593031167984,0.016783861443400383,0.01661083847284317,NA,NA,NA,NA,NA,NA,NA
15,0.11391694098711014,0.0038199727423489094,0.009383785538375378,0.009735170751810074,0.058320268988609314,0.016060594469308853,0.016597149893641472,NA,NA,NA,NA,NA,NA,NA
16,0.11209586262702942,0.0034281255211681128,0.009240924380719662,0.009157642722129822,0.05829242244362831,0.015392651781439781,0.01658409647643566,NA,NA,NA,NA,NA,NA,NA
17,0.11023227870464325,0.0030567217618227005,0.0088488245382905,0.008667171001434326,0.05824747309088707,0.014844372868537903,0.016567716374993324,NA,NA,NA,NA,NA,NA,NA
18,0.10874932259321213,0.0026139465626329184,0.008616134524345398,0.00846298597753048,0.05795600265264511,0.014553124085068703,0.01654714159667492,NA,NA,NA,NA,NA,NA,NA
19,0.1049407571554184,0.002122559119015932,0.008634327910840511,0.008272328414022923,0.05499763786792755,0.014410600997507572,0.016503289341926575,NA,NA,NA,NA,NA,NA,NA
20,0.09935171157121658,0.0017625379841774702,0.008683223277330399,0.008154459297657013,0.05002868175506592,0.014295843429863453,0.01642695814371109,NA,NA,NA,NA,NA,NA,NA
21,0.09828254580497742,0.0015349090099334717,0.009147620759904385,0.008090198040008545,0.04981313645839691,0.014170784503221512,0.015525899827480316,NA,NA,NA,NA,NA,NA,NA
22,0.09436493366956711,0.001435407204553485,0.0073824054561555386,0.008023460395634174,0.04928043112158775,0.013918004930019379,0.014325223863124847,NA,NA,NA,NA,NA,NA,NA
23,0.09281950443983078,0.0013828627998009324,0.006802012212574482,0.007969768717885017,0.048987433314323425,0.01365329883992672,0.014024116098880768,NA,NA,NA,NA,NA,NA,NA
24,0.09149786829948425,0.0013181347167119384,0.006438370328396559,0.00790376216173172,0.04866176098585129,0.013501942157745361,0.013673894107341766,NA,NA,NA,NA,NA,NA,NA
25,0.09082071483135223,0.0012861434370279312,0.006656461860984564,0.007805951405316591,0.048383306711912155,0.0133762676268816,0.01331258099526167,NA,NA,NA,NA,NA,NA,NA
26,0.08941657096147537,0.0012669687857851386,0.00601936923339963,0.007674235384911299,0.04808032140135765,0.013277551159262657,0.013098124414682388,NA,NA,NA,NA,NA,NA,NA
27,0.08815710246562958,0.001220922451466322,0.005404265597462654,0.007536237593740225,0.04763907939195633,0.013498438522219658,0.012858153320848942,NA,NA,NA,NA,NA,NA,NA
28,0.08625993132591248,0.0011546610621735454,0.005003334488719702,0.007337890099734068,0.04720357060432434,0.012856023386120796,0.012704447843134403,NA,NA,NA,NA,NA,NA,NA
29,0.08524512499570847,0.0011189683573320508,0.004829429090023041,0.007199959829449654,0.04711917042732239,0.012326469644904137,0.012651127763092518,NA,NA,NA,NA,NA,NA,NA
30,0.08423803001642227,0.001081641879864037,0.0046406458131968975,0.007077692076563835,0.046824514865875244,0.011972124688327312,0.012641411274671555,NA,NA,NA,NA,NA,NA,NA
31,0.08466701954603195,0.0010671752970665693,0.00572638725861907,0.006972173228859901,0.04668571799993515,0.011615716852247715,0.012599842622876167,NA,NA,NA,NA,NA,NA,NA
32,0.08390060812234879,0.0010336843552067876,0.005677416920661926,0.006914612837135792,0.04633296653628349,0.011393776163458824,0.012548133730888367,NA,NA,NA,NA,NA,NA,NA
33,0.08233563601970673,0.0010336479172110558,0.004634540062397718,0.00687923189252615,0.04603990539908409,0.011244593188166618,0.012503718957304955,NA,NA,NA,NA,NA,NA,NA
34,0.08120598644018173,0.0010467662941664457,0.004137805197387934,0.006844517309218645,0.045594654977321625,0.011072728782892227,0.012509504333138466,NA,NA,NA,NA,NA,NA,NA
35,0.07992251217365265,0.0009594617295078933,0.003879436058923602,0.006859498098492622,0.044925346970558167,0.010839911177754402,0.012458854354918003,NA,NA,NA,NA,NA,NA,NA
36,0.07905982434749603,0.0009070865926332772,0.0038664292078465223,0.006775190122425556,0.04443025961518288,0.01063015591353178,0.012450702488422394,NA,NA,NA,NA,NA,NA,NA
37,0.07863803952932358,0.0008917436352930963,0.004078039899468422,0.006728357635438442,0.04392309486865997,0.010594195686280727,0.012422608211636543,NA,NA,NA,NA,NA,NA,NA
38,0.07737622410058975,0.0008587475749664009,0.0035310210660099983,0.006701406091451645,0.043392542749643326,0.010481606237590313,0.012410894967615604,NA,NA,NA,NA,NA,NA,NA
39,0.07636384665966034,0.0008168519125320017,0.0033362836111336946,0.006653682794421911,0.04293186217546463,0.010194945149123669,0.012430214323103428,NA,NA,NA,NA,NA,NA,NA
40,0.07563338428735733,0.0007772366516292095,0.003207118483260274,0.006641226354986429,0.04264694079756737,0.009950468316674232,0.012410392053425312,NA,NA,NA,NA,NA,NA,NA
41,0.07544637471437454,0.0007601718534715474,0.0035022394731640816,0.006572422571480274,0.04243456572294235,0.009791349060833454,0.012385625392198563,NA,NA,NA,NA,NA,NA,NA
42,0.07548370957374573,0.0008240845636464655,0.004101528320461512,0.006509426515549421,0.041883617639541626,0.0098293861374259,0.012335662730038166,NA,NA,NA,NA,NA,NA,NA
43,0.07430051267147064,0.0008407483692280948,0.0034995675086975098,0.006438492331653833,0.04152354598045349,0.009615274146199226,0.01238288078457117,NA,NA,NA,NA,NA,NA,NA
44,0.0733141228556633,0.0007424794021062553,0.0031816584523767233,0.006367109715938568,0.041291333734989166,0.009406793862581253,0.012324745766818523,NA,NA,NA,NA,NA,NA,NA
45,0.0728045105934143,0.0006988389068283141,0.0030881832353770733,0.006341114640235901,0.04113620147109032,0.009249938651919365,0.012290235608816147,NA,NA,NA,NA,NA,NA,NA
46,0.07225453108549118,0.0006662291707471013,0.0029915180057287216,0.006314050406217575,0.04086914658546448,0.00913409236818552,0.012279488146305084,NA,NA,NA,NA,NA,NA,NA
47,0.07186585664749146,0.0006405444000847638,0.0028860114980489016,0.0062766061164438725,0.040766894817352295,0.008997263386845589,0.01229853741824627,NA,NA,NA,NA,NA,NA,NA
48,0.07145877927541733,0.0006604392547160387,0.0027980091981589794,0.006217943970113993,0.04064470902085304,0.00886815320700407,0.012269522994756699,NA,NA,NA,NA,NA,NA,NA
49,0.0710679143667221,0.0005777116166427732,0.0027844340074807405,0.006219612434506416,0.0403963178396225,0.008836078457534313,0.012253759428858757,NA,NA,NA,NA,NA,NA,NA
50,0.07160048186779022,0.0005426613497547805,0.0034802036825567484,0.006184976547956467,0.04014778137207031,0.00901668332517147,0.012228166684508324,NA,NA,NA,NA,NA,NA,NA
51,0.07045683264732361,0.00052830291679129,0.002985043916851282,0.006181180011481047,0.03981196880340576,0.008725023828446865,0.012225312180817127,NA,NA,NA,NA,NA,NA,NA
52,0.06991638243198395,0.0005022899131290615,0.002739795483648777,0.006063781213015318,0.03984047845005989,0.00859738513827324,0.012172659859061241,NA,NA,NA,NA,NA,NA,NA
53,0.06938660144805908,0.0005207555368542671,0.002566342940554023,0.006005060393363237,0.039593834429979324,0.008546657860279083,0.01215394213795662,NA,NA,NA,NA,NA,NA,NA
54,0.06868429481983185,0.00046100825420580804,0.0024932806845754385,0.006034594960510731,0.03927265852689743,0.008338935673236847,0.012083807960152626,NA,NA,NA,NA,NA,NA,NA
55,0.0681242123246193,0.0004428210377227515,0.002453018445521593,0.005925031844526529,0.0389532595872879,0.008292673155665398,0.012057410553097725,NA,NA,NA,NA,NA,NA,NA
56,0.06844458729028702,0.00042726134415715933,0.003076990367844701,0.00581462262198329,0.03905317187309265,0.008147094398736954,0.011925442144274712,NA,NA,NA,NA,NA,NA,NA
57,0.06770389527082443,0.00042442683479748666,0.002750462619587779,0.005774299148470163,0.03865586966276169,0.008013787679374218,0.012085048481822014,NA,NA,NA,NA,NA,NA,NA
58,0.0670492947101593,0.0005558481789194047,0.0024859062395989895,0.005731088574975729,0.03850929066538811,0.00794120691716671,0.01182595081627369,NA,NA,NA,NA,NA,NA,NA
59,0.06616637855768204,0.00047460541827604175,0.002399017568677664,0.005657057277858257,0.03819501772522926,0.00784636102616787,0.011594320647418499,NA,NA,NA,NA,NA,NA,NA
60,0.06574447453022003,0.0004582964174915105,0.0023740706965327263,0.005618582013994455,0.038036201149225235,0.007784382905811071,0.011472945101559162,NA,NA,NA,NA,NA,NA,NA
61,0.06552215665578842,0.0004236219101585448,0.0023741715122014284,0.005544443614780903,0.03798707202076912,0.007728330325335264,0.01146452222019434,NA,NA,NA,NA,NA,NA,NA
62,0.06484468281269073,0.00041267380584031343,0.0023301211185753345,0.005570960696786642,0.03766188025474548,0.007623099256306887,0.011245954781770706,NA,NA,NA,NA,NA,NA,NA
63,0.06521328538656235,0.0003832985821645707,0.0024411219637840986,0.005498575046658516,0.0379052571952343,0.00762912118807435,0.011355910450220108,NA,NA,NA,NA,NA,NA,NA
64,0.0642751008272171,0.0003849006607197225,0.002347415080294013,0.005451317876577377,0.03732617571949959,0.007579365279525518,0.01118592731654644,NA,NA,NA,NA,NA,NA,NA
65,0.06378736346960068,0.0003814652154687792,0.0024810240138322115,0.0054148174822330475,0.036968037486076355,0.0075192879885435104,0.011022736318409443,NA,NA,NA,NA,NA,NA,NA
66,0.0636584535241127,0.0003753074270207435,0.00237474637106061,0.005433002952486277,0.03676442429423332,0.007555151823908091,0.011155820451676846,NA,NA,NA,NA,NA,NA,NA
67,0.06289228796958923,0.0003838108095806092,0.0022219307720661163,0.00539114186540246,0.036600109189748764,0.007376763503998518,0.010918539948761463,NA,NA,NA,NA,NA,NA,NA
68,0.062234748154878616,0.0003750713949557394,0.002160419709980488,0.005335318390280008,0.036388322710990906,0.007335687056183815,0.010639927349984646,NA,NA,NA,NA,NA,NA,NA
69,0.06201954185962677,0.0003600844065658748,0.0022948882542550564,0.005303565878421068,0.03620654717087746,0.007291985675692558,0.010562464594841003,NA,NA,NA,NA,NA,NA,NA
70,0.061732590198516846,0.00035248641506768763,0.002128391992300749,0.005311061628162861,0.03617273271083832,0.007317761424928904,0.010450159199535847,NA,NA,NA,NA,NA,NA,NA
71,0.06179630383849144,0.00035582410055212677,0.002093399176374078,0.005309299100190401,0.03617016598582268,0.007419416680932045,0.01044820249080658,NA,NA,NA,NA,NA,NA,NA
72,0.0622803159058094,0.0003589038096833974,0.003120143199339509,0.005307869985699654,0.03591101989150047,0.007212188094854355,0.010370193049311638,NA,NA,NA,NA,NA,NA,NA
73,0.06094496697187424,0.0003473352990113199,0.002370459958910942,0.005202669184654951,0.03562000021338463,0.007060122210532427,0.010344386100769043,NA,NA,NA,NA,NA,NA,NA
74,0.060575008392333984,0.0003591852728277445,0.0022153269965201616,0.005163931287825108,0.03531378135085106,0.006980731151998043,0.010542051866650581,NA,NA,NA,NA,NA,NA,NA
75,0.060023821890354156,0.00036978995194658637,0.002094727475196123,0.0051317098550498486,0.035197820514440536,0.0068880836479365826,0.010341697372496128,NA,NA,NA,NA,NA,NA,NA
76,0.059724219143390656,0.00034458370646461844,0.0020422814413905144,0.005100001115351915,0.035187095403671265,0.006822246126830578,0.010228014551103115,NA,NA,NA,NA,NA,NA,NA
77,0.05943319573998451,0.00034300240804441273,0.001996253849938512,0.005074359942227602,0.0349576361477375,0.006804533302783966,0.01025740522891283,NA,NA,NA,NA,NA,NA,NA
78,0.058885809034109116,0.0003271251334808767,0.001970128156244755,0.005040558520704508,0.03473801538348198,0.006781947333365679,0.010028035379946232,NA,NA,NA,NA,NA,NA,NA
79,0.058751244097948074,0.00031472972477786243,0.001920734066516161,0.005158040672540665,0.034673288464546204,0.006705977953970432,0.009978474117815495,NA,NA,NA,NA,NA,NA,NA
80,0.05898204445838928,0.0003052878601010889,0.0019316740799695253,0.005066369194537401,0.03468481823801994,0.007130961865186691,0.009862931445240974,NA,NA,NA,NA,NA,NA,NA
81,0.059268757700920105,0.00029726765933446586,0.0025162072852253914,0.0049923742190003395,0.03444453701376915,0.007027310319244862,0.009991055354475975,NA,NA,NA,NA,NA,NA,NA
82,0.058527879416942596,0.0003635686298366636,0.0022019343450665474,0.004948614165186882,0.034261513501405716,0.006796961650252342,0.009955291636288166,NA,NA,NA,NA,NA,NA,NA
83,0.05774116516113281,0.0003849213244393468,0.001924875658005476,0.004895304795354605,0.0341016985476017,0.0066308192908763885,0.009803538210690022,NA,NA,NA,NA,NA,NA,NA
84,0.05732312053442001,0.0003313909110147506,0.001950585749000311,0.0048574344255030155,0.033825717866420746,0.006579941138625145,0.009778055362403393,NA,NA,NA,NA,NA,NA,NA
85,0.057341039180755615,0.0003027467173524201,0.0020660741720348597,0.0048506478779017925,0.033888909965753555,0.006512043997645378,0.00972061324864626,NA,NA,NA,NA,NA,NA,NA
86,0.057262521237134933,0.00028070175903849304,0.001941082184202969,0.004821327514946461,0.03409888967871666,0.006439894903451204,0.009680621325969696,NA,NA,NA,NA,NA,NA,NA
87,0.05671503767371178,0.00027607151423580945,0.0018423948204144835,0.004802457056939602,0.03388935327529907,0.006357502657920122,0.00954725407063961,NA,NA,NA,NA,NA,NA,NA
88,0.05633014068007469,0.00026488894945941865,0.0018557626754045486,0.0047772955149412155,0.03371017053723335,0.00632073637098074,0.00940129067748785,NA,NA,NA,NA,NA,NA,NA
89,0.05567379668354988,0.0002549999044276774,0.0017522566486150026,0.0047823404893279076,0.03322304040193558,0.006281443405896425,0.009379716590046883,NA,NA,NA,NA,NA,NA,NA
90,0.05640380084514618,0.0002560416469350457,0.0024163159541785717,0.004777524620294571,0.033285681158304214,0.006249460857361555,0.009418778121471405,NA,NA,NA,NA,NA,NA,NA
91,0.06002337113022804,0.00024846475571393967,0.006456426810473204,0.0047463057562708855,0.033051006495952606,0.006173829082399607,0.009347337298095226,NA,NA,NA,NA,NA,NA,NA
92,0.05876283720135689,0.0002481343108229339,0.005597737617790699,0.0047229016199707985,0.03283308818936348,0.006156730931252241,0.009204241447150707,NA,NA,NA,NA,NA,NA,NA
93,0.056770049035549164,0.0002539744018577039,0.0037607939448207617,0.004689251072704792,0.0327649861574173,0.006155993323773146,0.009145055897533894,NA,NA,NA,NA,NA,NA,NA
94,0.055984508246183395,0.00029520850512199104,0.0030775191262364388,0.004679444711655378,0.032583415508270264,0.006179713178426027,0.00916921067982912,NA,NA,NA,NA,NA,NA,NA
95,0.05507891997694969,0.0002681129553820938,0.002398543758317828,0.004675744101405144,0.03252815827727318,0.006031270604580641,0.009177095256745815,NA,NA,NA,NA,NA,NA,NA
96,0.054537881165742874,0.00026501217507757246,0.002048955764621496,0.0047776647843420506,0.03234286233782768,0.00597848417237401,0.00912489928305149,NA,NA,NA,NA,NA,NA,NA
97,0.054209399968385696,0.00025407157954759896,0.0018637559842318296,0.004671704955399036,0.03241899982094765,0.005930451676249504,0.00907041970640421,NA,NA,NA,NA,NA,NA,NA
98,0.054015811532735825,0.0002618689031805843,0.001744020264595747,0.004645413253456354,0.032334789633750916,0.005928877275437117,0.009100844152271748,NA,NA,NA,NA,NA,NA,NA
99,0.053639452904462814,0.00024090865917969495,0.0016809070948511362,0.004613341763615608,0.03216468170285225,0.00588932354003191,0.009050280787050724,NA,NA,NA,NA,NA,NA,NA
100,0.05341346934437752,0.00026711670216172934,0.0016063384246081114,0.004599681589752436,0.032061513513326645,0.005862305872142315,0.009016512893140316,NA,NA,NA,NA,NA,NA,NA
101,0.05296745151281357,0.0002596733393147588,0.001551354886032641,0.004592906683683395,0.031755201518535614,0.005829858593642712,0.008978455327451229,NA,NA,NA,NA,NA,NA,NA
102,0.05265694111585617,0.0002419234369881451,0.0015409225597977638,0.004575866274535656,0.03163021802902222,0.005712925456464291,0.008955093100667,NA,NA,NA,NA,NA,NA,NA
103,0.05261995643377304,0.00023237669665832072,0.0014942781999707222,0.0045623877085745335,0.0316973477602005,0.005657972767949104,0.00897559430450201,NA,NA,NA,NA,NA,NA,NA
104,0.05232270434498787,0.0002282186469528824,0.0014888399746268988,0.004539124667644501,0.03155463561415672,0.005607638508081436,0.008904245682060719,NA,NA,NA,NA,NA,NA,NA
105,0.05229317769408226,0.00022244722640607506,0.001565146609209478,0.004540150985121727,0.03156205639243126,0.005615453235805035,0.008787921629846096,NA,NA,NA,NA,NA,NA,NA
106,0.052074968814849854,0.00022203389380592853,0.00144641671795398,0.004549162462353706,0.031448110938072205,0.005671795457601547,0.008737451396882534,NA,NA,NA,NA,NA,NA,NA
107,0.05201205983757973,0.00023403398517984897,0.0014192068483680487,0.0046690949238836765,0.03130625933408737,0.005592460744082928,0.008791006170213223,NA,NA,NA,NA,NA,NA,NA
108,0.05156637728214264,0.00022287291358225048,0.0013989298604428768,0.0045763165690004826,0.031107468530535698,0.00548465084284544,0.008776141330599785,NA,NA,NA,NA,NA,NA,NA
109,0.05156753957271576,0.00024263082013931125,0.0014905657153576612,0.00453985808417201,0.031152425333857536,0.005426699761301279,0.008715363219380379,NA,NA,NA,NA,NA,NA,NA
110,0.05143129080533981,0.00022856428404338658,0.0016523536760360003,0.004525909200310707,0.030916130170226097,0.005405825097113848,0.008702509105205536,NA,NA,NA,NA,NA,NA,NA
111,0.05173865333199501,0.0002316498284926638,0.001995891099795699,0.004498453810811043,0.03088901750743389,0.0054832217283546925,0.008640418760478497,NA,NA,NA,NA,NA,NA,NA
112,0.05120526999235153,0.00025923867360688746,0.0015398451359942555,0.004478298127651215,0.03088596649467945,0.005450048949569464,0.008591875433921814,NA,NA,NA,NA,NA,NA,NA
113,0.051412537693977356,0.00025104990345425904,0.0014147796900942922,0.00444831233471632,0.031182406470179558,0.00544967083260417,0.008666317909955978,NA,NA,NA,NA,NA,NA,NA
114,0.050750937312841415,0.00022759137209504843,0.001370118116028607,0.004418942146003246,0.030742552131414413,0.005335911642760038,0.008655820973217487,NA,NA,NA,NA,NA,NA,NA
115,0.05047517269849777,0.00021956987620797008,0.0013275452656671405,0.004397077020257711,0.030677974224090576,0.005267132539302111,0.008585878647863865,NA,NA,NA,NA,NA,NA,NA
116,0.05051291361451149,0.00022287690080702305,0.0012906246120110154,0.004418622702360153,0.030674440786242485,0.005222887732088566,0.0086834616959095,NA,NA,NA,NA,NA,NA,NA
117,0.04995157569646835,0.00026262286701239645,0.0012542936019599438,0.004377639386802912,0.030392559245228767,0.005144938826560974,0.008519521914422512,NA,NA,NA,NA,NA,NA,NA
118,0.049751002341508865,0.0002839651715476066,0.0012417691759765148,0.0043746232986450195,0.030277034267783165,0.00508846016600728,0.008485151454806328,NA,NA,NA,NA,NA,NA,NA
119,0.04961054027080536,0.00023740094911772758,0.0012162200873717666,0.004375454969704151,0.030226608738303185,0.005051064770668745,0.008503792807459831,NA,NA,NA,NA,NA,NA,NA
120,0.04951387643814087,0.0002502993156667799,0.0012247600825503469,0.004361182451248169,0.030157094821333885,0.005004276987165213,0.008516263216733932,NA,NA,NA,NA,NA,NA,NA
121,0.04930883273482323,0.00022507239191327244,0.0014243420446291566,0.00435012299567461,0.02992076426744461,0.005004286300390959,0.00838424451649189,NA,NA,NA,NA,NA,NA,NA
122,0.04987966641783714,0.0002210598613601178,0.0018996952567249537,0.0043329885229468346,0.029922600835561752,0.005026030819863081,0.00847728829830885,NA,NA,NA,NA,NA,NA,NA
123,0.0495305173099041,0.00021333753829821944,0.00142019079066813,0.004397156648337841,0.03001071885228157,0.00513058714568615,0.008358529768884182,NA,NA,NA,NA,NA,NA,NA
124,0.049524758011102676,0.00021280942019075155,0.0012870506616309285,0.004324250388890505,0.03009726107120514,0.005044588819146156,0.008558801375329494,NA,NA,NA,NA,NA,NA,NA
125,0.04896441847085953,0.00020705604401882738,0.0012113875709474087,0.004294765647500753,0.029865505173802376,0.004970774985849857,0.00841492973268032,NA,NA,NA,NA,NA,NA,NA
126,0.04921897500753403,0.00020205702458042651,0.0011975641828030348,0.004311552736908197,0.029824834316968918,0.005039074458181858,0.008643893525004387,NA,NA,NA,NA,NA,NA,NA
127,0.04880430921912193,0.00021462561562657356,0.0012264768593013287,0.0043872869573533535,0.029652979224920273,0.004926703404635191,0.008396236225962639,NA,NA,NA,NA,NA,NA,NA
128,0.04850334674119949,0.00022755858663003892,0.0012513445690274239,0.004287746734917164,0.029580626636743546,0.0048230309039354324,0.008333035744726658,NA,NA,NA,NA,NA,NA,NA
129,0.048346251249313354,0.0002896832302212715,0.0011031492613255978,0.004278597421944141,0.029682977125048637,0.0047693802043795586,0.008222458884119987,NA,NA,NA,NA,NA,NA,NA
130,0.04799693450331688,0.00038037876947782934,0.0010743518359959126,0.004236181266605854,0.029386598616838455,0.0047408780083060265,0.008178549818694592,NA,NA,NA,NA,NA,NA,NA
131,0.04804117977619171,0.0003575785958673805,0.0011916554067283869,0.0042564524337649345,0.029362058266997337,0.00470856623724103,0.008164865896105766,NA,NA,NA,NA,NA,NA,NA
132,0.04844136908650398,0.0002660905010998249,0.0019745794124901295,0.004230995196849108,0.02915133163332939,0.004658402409404516,0.008159969933331013,NA,NA,NA,NA,NA,NA,NA
133,0.04887279495596886,0.00022020596952643245,0.0025863852351903915,0.004256261512637138,0.02900931052863598,0.004684301558881998,0.008116328157484531,NA,NA,NA,NA,NA,NA,NA
134,0.047986678779125214,0.00020134479564148933,0.0017391404835507274,0.004196141380816698,0.028994446620345116,0.004778337199240923,0.008077269420027733,NA,NA,NA,NA,NA,NA,NA
135,0.04729438200592995,0.00019343581516295671,0.0013492355355992913,0.0041659134440124035,0.02886187843978405,0.004653605166822672,0.008070318959653378,NA,NA,NA,NA,NA,NA,NA
136,0.047147925943136215,0.0001873844157671556,0.0011701226467266679,0.004170505329966545,0.028959766030311584,0.004629523027688265,0.008030624128878117,NA,NA,NA,NA,NA,NA,NA
137,0.04706642031669617,0.00018347054719924927,0.0010897862957790494,0.00415203208103776,0.02901219204068184,0.004594172351062298,0.008034765720367432,NA,NA,NA,NA,NA,NA,NA
138,0.04712510108947754,0.00018650527636054903,0.0010104641551151872,0.004138258285820484,0.029159456491470337,0.004655404016375542,0.007975012063980103,NA,NA,NA,NA,NA,NA,NA
139,0.046652697026729584,0.00018316802743356675,0.0009921850869432092,0.004144842736423016,0.028831999748945236,0.004559104796499014,0.007941394113004208,NA,NA,NA,NA,NA,NA,NA
140,0.0468653179705143,0.00018211726273875684,0.0009745653951540589,0.004121027886867523,0.028995268046855927,0.004638213198632002,0.007954126223921776,NA,NA,NA,NA,NA,NA,NA
141,0.04663306102156639,0.0001812419359339401,0.0009722468093968928,0.004100463818758726,0.028736641630530357,0.004557321313768625,0.00808514840900898,NA,NA,NA,NA,NA,NA,NA
142,0.046028394252061844,0.00018960774468723685,0.0009456168627366424,0.004113889764994383,0.028363201767206192,0.004462101962417364,0.007953970693051815,NA,NA,NA,NA,NA,NA,NA
143,0.04595252871513367,0.00017853376630228013,0.0009530340903438628,0.004141206853091717,0.02815001644194126,0.004389626439660788,0.00814010575413704,NA,NA,NA,NA,NA,NA,NA
144,0.04630246385931969,0.00018131398246623576,0.0016150515293702483,0.004119930323213339,0.02805575542151928,0.004336815793067217,0.00799359381198883,NA,NA,NA,NA,NA,NA,NA
145,0.046251703053712845,0.00018183952488470823,0.0016080524073913693,0.0040967115201056,0.028158564120531082,0.004352045711129904,0.007854491472244263,NA,NA,NA,NA,NA,NA,NA
146,0.045952510088682175,0.00017795420717447996,0.0012683983659371734,0.004096774850040674,0.028295518830418587,0.0043054199777543545,0.007808444555848837,NA,NA,NA,NA,NA,NA,NA
147,0.04570924863219261,0.0001765172928571701,0.0012195993913337588,0.004102695267647505,0.02807622216641903,0.004310860298573971,0.007823354564607143,NA,NA,NA,NA,NA,NA,NA
148,0.04529135674238205,0.0001701510336715728,0.0010897377505898476,0.004048725590109825,0.02794470638036728,0.004255753010511398,0.0077822827734053135,NA,NA,NA,NA,NA,NA,NA
149,0.045399557799100876,0.00020984435104764998,0.0010441004997119308,0.0040823109447956085,0.027841201052069664,0.0043081436306238174,0.007913959212601185,NA,NA,NA,NA,NA,NA,NA
150,0.04566797986626625,0.00024646424571983516,0.0009925954509526491,0.004078397061675787,0.027915004640817642,0.004336167126893997,0.008099346421658993,NA,NA,NA,NA,NA,NA,NA
151,0.04558216407895088,0.000304764456814155,0.0009354729554615915,0.004089313093572855,0.027824634686112404,0.004214332904666662,0.008213643915951252,NA,NA,NA,NA,NA,NA,NA
152,0.044789526611566544,0.00023287729709409177,0.0009132024133577943,0.004033955279737711,0.027573565021157265,0.004141075536608696,0.00789484940469265,NA,NA,NA,NA,NA,NA,NA
153,0.04444148391485214,0.00021244664094410837,0.0008797778282314539,0.003995133563876152,0.027488408610224724,0.004108088091015816,0.007757627405226231,NA,NA,NA,NA,NA,NA,NA
154,0.04419291019439697,0.00023447268176823854,0.0008545303717255592,0.003965513780713081,0.027340447530150414,0.004084423184394836,0.007713522296398878,NA,NA,NA,NA,NA,NA,NA
155,0.043953943997621536,0.00019781308947131038,0.0008439836092293262,0.003949070814996958,0.027276504784822464,0.004076100420206785,0.0076104640029370785,NA,NA,NA,NA,NA,NA,NA
156,0.04402318224310875,0.00018306313722860068,0.0008396176854148507,0.003968993667513132,0.027334867045283318,0.0041083586402237415,0.00758828641846776,NA,NA,NA,NA,NA,NA,NA
157,0.043818846344947815,0.00016996980411931872,0.00081744504859671,0.003961493261158466,0.027251344174146652,0.004058015067130327,0.007560577243566513,NA,NA,NA,NA,NA,NA,NA
158,0.0438520722091198,0.00016464847431052476,0.000806458352599293,0.003943743649870157,0.027356859296560287,0.004003006964921951,0.007577352691441774,NA,NA,NA,NA,NA,NA,NA
159,0.04354729503393173,0.00015957058349158615,0.0007953682797960937,0.0039331321604549885,0.02711847424507141,0.003941600676625967,0.007599152624607086,NA,NA,NA,NA,NA,NA,NA
160,0.043286435306072235,0.00015766732394695282,0.0007870334666222334,0.003925780765712261,0.026872096583247185,0.003943715710192919,0.007600141689181328,NA,NA,NA,NA,NA,NA,NA
161,0.0432574599981308,0.00016347914061043411,0.0008126730681397021,0.003933258354663849,0.026685746386647224,0.004126016981899738,0.0075362869538366795,NA,NA,NA,NA,NA,NA,NA
162,0.04313710331916809,0.00016366624913644046,0.0008055552025325596,0.003954106010496616,0.02670283056795597,0.004004643298685551,0.007506301626563072,NA,NA,NA,NA,NA,NA,NA
163,0.04312828928232193,0.00015582932974211872,0.0008153141243383288,0.003967123106122017,0.026753591373562813,0.004011861979961395,0.007424567360430956,NA,NA,NA,NA,NA,NA,NA
164,0.04317358136177063,0.00015367410378530622,0.0007858272874727845,0.004069976508617401,0.02681361883878708,0.003967167343944311,0.007383308373391628,NA,NA,NA,NA,NA,NA,NA
165,0.043302271515131,0.00014342456415761262,0.0008420911035500467,0.0039642853662371635,0.02698271907866001,0.004016879480332136,0.007352874614298344,NA,NA,NA,NA,NA,NA,NA
166,0.043174754828214645,0.0001419337058905512,0.001068672863766551,0.003916064277291298,0.02671078033745289,0.003893171204254031,0.0074441321194171906,NA,NA,NA,NA,NA,NA,NA
167,0.04281831905245781,0.00014372127770911902,0.0010676066158339381,0.0038880829233676195,0.0264730341732502,0.0038616282399743795,0.007384247612208128,NA,NA,NA,NA,NA,NA,NA
168,0.04307502880692482,0.00015344712301157415,0.001438539708033204,0.0038535245694220066,0.02640938013792038,0.003808807348832488,0.007411326747387648,NA,NA,NA,NA,NA,NA,NA
169,0.04256288707256317,0.0001414084545103833,0.0011545028537511826,0.0038610599003732204,0.026331355795264244,0.0037426676135510206,0.00733188958838582,NA,NA,NA,NA,NA,NA,NA
170,0.04277403652667999,0.0002621425373945385,0.001349849160760641,0.0038522742688655853,0.02625555917620659,0.003724084934219718,0.0073301284573972225,NA,NA,NA,NA,NA,NA,NA
171,0.04289976507425308,0.00042746361577883363,0.0010813031112775207,0.003834010101854801,0.026016103103756905,0.003768735798075795,0.0077721537090837955,NA,NA,NA,NA,NA,NA,NA
172,0.04255862534046173,0.00047998043010011315,0.0009205086389556527,0.0038349523674696684,0.02605806663632393,0.003749595256522298,0.007515517063438892,NA,NA,NA,NA,NA,NA,NA
173,0.042578134685754776,0.000413465837482363,0.0009589932742528617,0.0038524034898728132,0.026202388107776642,0.0037306384183466434,0.0074202450923621655,NA,NA,NA,NA,NA,NA,NA
174,0.04220246896147728,0.00028371906955726445,0.0008835252956487238,0.003820831421762705,0.026182247325778008,0.0036982987076044083,0.007333848159760237,NA,NA,NA,NA,NA,NA,NA
175,0.0415271557867527,0.00020249288354534656,0.0007475794409401715,0.0038807126693427563,0.025760427117347717,0.0036726456601172686,0.00726329768076539,NA,NA,NA,NA,NA,NA,NA
176,0.04117175564169884,0.00016809995577204973,0.0007204854628071189,0.00381783046759665,0.025601228699088097,0.003618385409936309,0.00724572641775012,NA,NA,NA,NA,NA,NA,NA
177,0.040976084768772125,0.00015230110147967935,0.0007035754388198256,0.0037877634167671204,0.025583496317267418,0.0035576368682086468,0.007191309705376625,NA,NA,NA,NA,NA,NA,NA
178,0.04081687331199646,0.00014432048192247748,0.0007168616866692901,0.0037827068008482456,0.025461232289671898,0.003539076540619135,0.007172676268965006,NA,NA,NA,NA,NA,NA,NA
179,0.040773000568151474,0.00013670990301761776,0.0007180721149779856,0.003824442159384489,0.025463687255978584,0.0035255160182714462,0.007104572374373674,NA,NA,NA,NA,NA,NA,NA
180,0.04069477319717407,0.00013394805137068033,0.0007037249743007123,0.003816009499132633,0.025441700592637062,0.0035120584070682526,0.007087334059178829,NA,NA,NA,NA,NA,NA,NA
181,0.040580105036497116,0.00013143591058906168,0.0007610505563206971,0.003768998896703124,0.025384265929460526,0.003464034991338849,0.007070318330079317,NA,NA,NA,NA,NA,NA,NA
182,0.04051627963781357,0.00012825567682739347,0.0007063638768158853,0.003786736633628607,0.025327377021312714,0.0033913133665919304,0.007176234386861324,NA,NA,NA,NA,NA,NA,NA
183,0.04095154628157616,0.0001265603641513735,0.0007467300165444613,0.0037233391776680946,0.025777652859687805,0.003463609144091606,0.007113657426089048,NA,NA,NA,NA,NA,NA,NA
184,0.040542442351579666,0.00012618508480954915,0.0007150567253120244,0.0037438487634062767,0.025568822398781776,0.0033811386674642563,0.007007394451647997,NA,NA,NA,NA,NA,NA,NA
185,0.04053913801908493,0.00012258693459443748,0.0007144907722249627,0.0037639786023646593,0.02551758661866188,0.003431530436500907,0.006988964043557644,NA,NA,NA,NA,NA,NA,NA
186,0.040504541248083115,0.0001237606629729271,0.0011408525751903653,0.003754471428692341,0.02515260875225067,0.0033674552105367184,0.006965390872210264,NA,NA,NA,NA,NA,NA,NA
187,0.040351953357458115,0.0001285165490116924,0.0012507329229265451,0.003759110812097788,0.02488645352423191,0.0033434380311518908,0.00698370486497879,NA,NA,NA,NA,NA,NA,NA
188,0.04016415774822235,0.0001226529711857438,0.0011875942582264543,0.0037132613360881805,0.024732764810323715,0.0034236120991408825,0.00698427576571703,NA,NA,NA,NA,NA,NA,NA
189,0.0398339219391346,0.00012432158109731972,0.0008032406913116574,0.003688887460157275,0.024680092930793762,0.003557363525032997,0.006980018224567175,NA,NA,NA,NA,NA,NA,NA
190,0.0396578423678875,0.00013130114530213177,0.0007036319584585726,0.0037183077074587345,0.024623515084385872,0.0035924850963056087,0.006888603791594505,NA,NA,NA,NA,NA,NA,NA
191,0.03970332071185112,0.00011851684394059703,0.0006933227996341884,0.003706233110278845,0.02475672960281372,0.003528126049786806,0.006900398060679436,NA,NA,NA,NA,NA,NA,NA
192,0.03999144211411476,0.00011834859469672665,0.0006305132992565632,0.003808918409049511,0.02513858675956726,0.003425885457545519,0.006869186647236347,NA,NA,NA,NA,NA,NA,NA
193,0.04011153429746628,0.00011848611757159233,0.0006206996040418744,0.003712120931595564,0.024828806519508362,0.0033513871021568775,0.007480036932975054,NA,NA,NA,NA,NA,NA,NA
194,0.03974883258342743,0.00018446195463184267,0.0006222109659574926,0.0037021429743617773,0.024639463052153587,0.0033066703472286463,0.007293887436389923,NA,NA,NA,NA,NA,NA,NA
195,0.03913874551653862,0.0001306032936554402,0.0005989125347696245,0.00364889670163393,0.024526050314307213,0.003248410066589713,0.006985872983932495,NA,NA,NA,NA,NA,NA,NA
196,0.038831159472465515,0.00011970729974564165,0.0005820469814352691,0.0036579237785190344,0.024397466331720352,0.0031793219968676567,0.006894697435200214,NA,NA,NA,NA,NA,NA,NA
197,0.038606829941272736,0.00012086922652088106,0.0005736709572374821,0.003631967818364501,0.02433033660054207,0.00314067373983562,0.00680930819362402,NA,NA,NA,NA,NA,NA,NA
198,0.03844190388917923,0.00015226320829242468,0.0005712896818295121,0.003642238210886717,0.024237018078565598,0.0030967232305556536,0.006742373574525118,NA,NA,NA,NA,NA,NA,NA
199,0.038981273770332336,0.0004032009746879339,0.0005712685524486005,0.0036181907635182142,0.02445327118039131,0.003225751919671893,0.006709595210850239,NA,NA,NA,NA,NA,NA,NA
200,0.039409127086400986,0.0003322174306958914,0.0013082994846627116,0.0036196692381054163,0.024265775457024574,0.0031395540572702885,0.006743611767888069,NA,NA,NA,NA,NA,NA,NA
201,0.038745731115341187,0.00022315993555821478,0.0008037825464271009,0.0035743864718824625,0.024336621165275574,0.0031371216755360365,0.006670659873634577,NA,NA,NA,NA,NA,NA,NA
202,0.03854617103934288,0.0001729067589621991,0.0008644919726066291,0.0035461625084280968,0.024128442630171776,0.0030913464725017548,0.006742818746715784,NA,NA,NA,NA,NA,NA,NA
203,0.038609690964221954,0.00014629638462793082,0.0010368142975494266,0.0035650108475238085,0.024123739451169968,0.0031201853416860104,0.00661764619871974,NA,NA,NA,NA,NA,NA,NA
204,0.03876394033432007,0.0001353906700387597,0.0008288798853754997,0.0037968556862324476,0.02415454387664795,0.0032532247714698315,0.006595046725124121,NA,NA,NA,NA,NA,NA,NA
205,0.03839360922574997,0.0001236268726643175,0.0006465725018642843,0.003644478041678667,0.02408398687839508,0.0032570280600339174,0.006637913640588522,NA,NA,NA,NA,NA,NA,NA
206,0.03797704726457596,0.00011512248602230102,0.000621854152996093,0.003598958719521761,0.02394430711865425,0.003095085034146905,0.006601719651371241,NA,NA,NA,NA,NA,NA,NA
207,0.037963688373565674,0.00011345169332344085,0.0005858351942151785,0.0035519187804311514,0.023872457444667816,0.002999024698510766,0.0068409983068704605,NA,NA,NA,NA,NA,NA,NA
208,0.03813115134835243,0.0001090761215891689,0.0005638438742607832,0.0035375545267015696,0.023809203878045082,0.0029467393178492785,0.007164738606661558,NA,NA,NA,NA,NA,NA,NA
209,0.037565506994724274,0.00010856847075046971,0.0005545830936171114,0.0035095615312457085,0.023576077073812485,0.002918180311098695,0.0068985410034656525,NA,NA,NA,NA,NA,NA,NA
210,0.037671659141778946,0.00011376912880223244,0.0007134898914955556,0.003504006890580058,0.02367287501692772,0.0029178503900766373,0.006749662570655346,NA,NA,NA,NA,NA,NA,NA
211,0.03741168603301048,0.00011036997602786869,0.0006667245179414749,0.0035968234296888113,0.02345513179898262,0.0029459353536367416,0.006636700592935085,NA,NA,NA,NA,NA,NA,NA
212,0.037122178822755814,0.00011242465552641079,0.0007480878266505897,0.003542728256434202,0.02328437566757202,0.0029124498832970858,0.006522111129015684,NA,NA,NA,NA,NA,NA,NA
213,0.03667844831943512,0.00010685354209272191,0.0005631870008073747,0.0035105643328279257,0.02316199243068695,0.0028694882057607174,0.006466363091021776,NA,NA,NA,NA,NA,NA,NA
214,0.03643545135855675,0.00010412665869807824,0.0005481218686327338,0.0034732427448034286,0.023021433502435684,0.002860547276213765,0.0064279804937541485,NA,NA,NA,NA,NA,NA,NA
215,0.03651230037212372,0.00010233735520159826,0.0006775897927582264,0.003488995600491762,0.023008013144135475,0.0028317871037870646,0.0064035747200250626,NA,NA,NA,NA,NA,NA,NA
216,0.03659087046980858,0.00010395846766186878,0.0008337059989571571,0.003442419460043311,0.023023802787065506,0.002821660600602627,0.006365323439240456,NA,NA,NA,NA,NA,NA,NA
217,0.036359623074531555,0.00010436047887196764,0.000744325399864465,0.003424331545829773,0.02283419296145439,0.0028880545869469643,0.0063643609173595905,NA,NA,NA,NA,NA,NA,NA
218,0.0370790995657444,0.00010235190711682662,0.0010525734396651387,0.0034487652592360973,0.023099146783351898,0.003042619675397873,0.006333646364510059,NA,NA,NA,NA,NA,NA,NA
219,0.03700244054198265,0.00010791640670504421,0.0007418253226205707,0.003437499515712261,0.023357270285487175,0.0030159815214574337,0.006341948173940182,NA,NA,NA,NA,NA,NA,NA
220,0.03721872717142105,0.0001121634486480616,0.0005869520828127861,0.0035700954031199217,0.023503120988607407,0.0030837282538414,0.0063626691699028015,NA,NA,NA,NA,NA,NA,NA
221,0.0366864949464798,0.00019308566697873175,0.0005472655175253749,0.0035575581714510918,0.023155715316534042,0.0029338886961340904,0.006298978812992573,NA,NA,NA,NA,NA,NA,NA
222,0.03626733273267746,0.00013632327318191528,0.0005298506584949791,0.0035080297384411097,0.022964030504226685,0.002852609846740961,0.0062764897011220455,NA,NA,NA,NA,NA,NA,NA
223,0.03631613031029701,0.0001496147597208619,0.0005271667614579201,0.003549222368746996,0.022819556295871735,0.002808080753311515,0.006462485529482365,NA,NA,NA,NA,NA,NA,NA
224,0.036390822380781174,0.0001597424561623484,0.0004681636637542397,0.003469954477623105,0.022688351571559906,0.0027424839790910482,0.006862128619104624,NA,NA,NA,NA,NA,NA,NA
225,0.035848893225193024,0.00011919722601305693,0.0004571943136397749,0.003436837112531066,0.02255900576710701,0.0027046590112149715,0.006572005804628134,NA,NA,NA,NA,NA,NA,NA
226,0.03556220605969429,0.00010865348303923383,0.0004747734928969294,0.003398268250748515,0.022480355575680733,0.0026554132346063852,0.006444742437452078,NA,NA,NA,NA,NA,NA,NA
227,0.03547080233693123,9.882771701086313e-05,0.0005030575557611883,0.0033831556793302298,0.02250869758427143,0.002668792149052024,0.006308266427367926,NA,NA,NA,NA,NA,NA,NA
228,0.035341933369636536,0.00010055485472548753,0.0005683972267434001,0.0033655574079602957,0.022381208837032318,0.0026891061570495367,0.006237112917006016,NA,NA,NA,NA,NA,NA,NA
229,0.03517372906208038,9.475765546085313e-05,0.0006174250156618655,0.003352448344230652,0.022222789004445076,0.002687702653929591,0.006198608782142401,NA,NA,NA,NA,NA,NA,NA
230,0.035252977162599564,0.0001022650467348285,0.0008239758317358792,0.0033338030334562063,0.022109920158982277,0.0026753407437354326,0.006207671947777271,NA,NA,NA,NA,NA,NA,NA
231,0.035027120262384415,0.00019038163009099662,0.0006042256718501449,0.0033152950927615166,0.022087834775447845,0.0026626610197126865,0.006166722159832716,NA,NA,NA,NA,NA,NA,NA
232,0.03495493903756142,0.0001528587454231456,0.0006257066270336509,0.003371570026502013,0.022075993940234184,0.0026074706111103296,0.006121340673416853,NA,NA,NA,NA,NA,NA,NA
233,0.03467152640223503,0.00012698509090114385,0.0006399578414857388,0.003309607272967696,0.021873781457543373,0.0026161603163927794,0.0061050355434417725,NA,NA,NA,NA,NA,NA,NA
234,0.034821510314941406,0.00013498547195922583,0.0006592227728106081,0.0034018829464912415,0.021901333704590797,0.0026299762539565563,0.0060941074043512344,NA,NA,NA,NA,NA,NA,NA
235,0.03680087998509407,0.0001373302802676335,0.0026267594657838345,0.0034813634119927883,0.02182331308722496,0.0026165321469306946,0.006115581840276718,NA,NA,NA,NA,NA,NA,NA
236,0.037098877131938934,0.00015618639008607715,0.0030733179301023483,0.0034698587842285633,0.021728962659835815,0.0025732340291142464,0.006097316741943359,NA,NA,NA,NA,NA,NA,NA
237,0.03594532981514931,0.000133377019665204,0.0018797960365191102,0.003405549330636859,0.021778687834739685,0.0025780643336474895,0.006169851869344711,NA,NA,NA,NA,NA,NA,NA
238,0.03512679412961006,0.00017330948321614414,0.0011531037744134665,0.003422653069719672,0.021656008437275887,0.002563428832218051,0.006158291362226009,NA,NA,NA,NA,NA,NA,NA
239,0.03544960543513298,0.00017611929797567427,0.0008406565175391734,0.0033312865998595953,0.021851740777492523,0.0025216839276254177,0.006728118751198053,NA,NA,NA,NA,NA,NA,NA
240,0.03541218861937523,0.00014339337940327823,0.0006470492808148265,0.0033194657880812883,0.021871989592909813,0.0025394726544618607,0.006890822201967239,NA,NA,NA,NA,NA,NA,NA
241,0.03481923043727875,0.00011045845894841477,0.0005849208682775497,0.0032955992501229048,0.02171482890844345,0.00261072744615376,0.00650269677862525,NA,NA,NA,NA,NA,NA,NA
242,0.034345854073762894,9.308732842328027e-05,0.0005384300020523369,0.003312558401376009,0.021591749042272568,0.0025876606814563274,0.006222367752343416,NA,NA,NA,NA,NA,NA,NA
243,0.03402790427207947,8.978023106465116e-05,0.000478371192002669,0.0032811935525387526,0.021500609815120697,0.0025434200651943684,0.006134531460702419,NA,NA,NA,NA,NA,NA,NA
244,0.03404947742819786,9.185135422740132e-05,0.00044865551171824336,0.003243019338697195,0.021709423512220383,0.0025077632162719965,0.0060487654991447926,NA,NA,NA,NA,NA,NA,NA
245,0.034067291766405106,9.703501564217731e-05,0.0004351419338490814,0.0032279272563755512,0.021843861788511276,0.002459982642903924,0.006003345362842083,NA,NA,NA,NA,NA,NA,NA
246,0.03375187888741493,9.219399362336844e-05,0.0004186518199276179,0.0032092523761093616,0.021641388535499573,0.002433368470519781,0.005957023706287146,NA,NA,NA,NA,NA,NA,NA
247,0.03351369872689247,8.279787289211527e-05,0.0004113227187190205,0.0031996630132198334,0.021474257111549377,0.0024031512439250946,0.005942509975284338,NA,NA,NA,NA,NA,NA,NA
248,0.03331218287348747,8.315832383232191e-05,0.000406572682550177,0.0031941039487719536,0.021279729902744293,0.002432717476040125,0.005915903951972723,NA,NA,NA,NA,NA,NA,NA
249,0.03332429751753807,8.215313573600724e-05,0.00039458865649066865,0.0032215144019573927,0.021305831149220467,0.0024263851810246706,0.0058938185684382915,NA,NA,NA,NA,NA,NA,NA
250,0.033026352524757385,8.537106623407453e-05,0.00038917819620110095,0.0032514003105461597,0.020961476489901543,0.002449535531923175,0.005889388732612133,NA,NA,NA,NA,NA,NA,NA
251,0.03320866823196411,8.40226057334803e-05,0.0004076408804394305,0.0033802215475589037,0.02083035558462143,0.002550621749833226,0.005955798551440239,NA,NA,NA,NA,NA,NA,NA
252,0.03297131136059761,0.00012178983888588846,0.00041078688809648156,0.0033569680526852608,0.020713120698928833,0.002510774414986372,0.005857872311025858,NA,NA,NA,NA,NA,NA,NA
253,0.03286634013056755,0.0001117366409744136,0.00038370629772543907,0.0032305174972862005,0.020714793354272842,0.0024238128680735826,0.006001774687319994,NA,NA,NA,NA,NA,NA,NA
254,0.03260691091418266,9.216812759405002e-05,0.000383774284273386,0.0031647863797843456,0.020687798038125038,0.0023931011091917753,0.005885286256670952,NA,NA,NA,NA,NA,NA,NA
255,0.03233760967850685,8.735510346014053e-05,0.0003887101192958653,0.003151628654450178,0.02052622102200985,0.0023505855351686478,0.005833109375089407,NA,NA,NA,NA,NA,NA,NA
256,0.032166458666324615,0.00011553795775398612,0.0003708637959789485,0.003110686782747507,0.020417628809809685,0.0023081705439835787,0.005843568127602339,NA,NA,NA,NA,NA,NA,NA
257,0.0324166938662529,0.00014028616715222597,0.0004089151043444872,0.0030992249958217144,0.020608223974704742,0.0022876530420035124,0.005872388370335102,NA,NA,NA,NA,NA,NA,NA
258,0.03244299069046974,0.00018181087216362357,0.0004733639652840793,0.0030845662113279104,0.020564759150147438,0.002247062511742115,0.005891428794711828,NA,NA,NA,NA,NA,NA,NA
259,0.03308141604065895,0.0002741556672845036,0.00037979494663886726,0.0030954855028539896,0.021210115402936935,0.002248540287837386,0.005873320624232292,NA,NA,NA,NA,NA,NA,NA
260,0.03292081877589226,0.00021906840265728533,0.0003963070921599865,0.0031723584979772568,0.02091873437166214,0.002355381613597274,0.005858967080712318,NA,NA,NA,NA,NA,NA,NA
261,0.0329081267118454,0.00015002321742940694,0.00035254115937277675,0.0035162020940333605,0.020497776567935944,0.002370595233514905,0.006020986009389162,NA,NA,NA,NA,NA,NA,NA
262,0.03225991129875183,0.00011909750901395455,0.0004008011310361326,0.0032530075404793024,0.020291320979595184,0.002388759283348918,0.005806928966194391,NA,NA,NA,NA,NA,NA,NA
263,0.032162800431251526,0.00010732607915997505,0.0005304493824951351,0.0032382728531956673,0.020195115357637405,0.0023078517988324165,0.005783785134553909,NA,NA,NA,NA,NA,NA,NA
264,0.03203730657696724,9.834368393057957e-05,0.000635018921457231,0.0031478330492973328,0.02007851004600525,0.0022988351993262768,0.005778767634183168,NA,NA,NA,NA,NA,NA,NA
265,0.032641030848026276,9.431861690245569e-05,0.0012048089411109686,0.0030846642330288887,0.020215459167957306,0.0023247958160936832,0.005716985557228327,NA,NA,NA,NA,NA,NA,NA
266,0.03223657235503197,8.415561023866758e-05,0.0008597593987360597,0.003096336731687188,0.02014864981174469,0.0023492411710321903,0.0056984322145581245,NA,NA,NA,NA,NA,NA,NA
267,0.03167271614074707,7.808094233041629e-05,0.0005725797964259982,0.0030441214330494404,0.019937677308917046,0.002346969209611416,0.005693285726010799,NA,NA,NA,NA,NA,NA,NA
268,0.031662121415138245,7.704892050242051e-05,0.0005140837165527046,0.0030173698905855417,0.019734399393200874,0.0025351743679493666,0.00578404450789094,NA,NA,NA,NA,NA,NA,NA
269,0.03120976872742176,8.007238648133352e-05,0.0004093090246897191,0.0029985203873366117,0.01963082142174244,0.002405459526926279,0.005685585085302591,NA,NA,NA,NA,NA,NA,NA
270,0.03110557608306408,7.407761586364359e-05,0.0003682677634060383,0.0030033213552087545,0.01961359940469265,0.0023450064472854137,0.005701301619410515,NA,NA,NA,NA,NA,NA,NA
271,0.031154561787843704,7.842735794838518e-05,0.00035684765316545963,0.0030425223521888256,0.01975027285516262,0.002262803027406335,0.005663688760250807,NA,NA,NA,NA,NA,NA,NA
272,0.030998047441244125,7.09726446075365e-05,0.0003465026675257832,0.0029989571776241064,0.019774358719587326,0.00219243043102324,0.0056148250587284565,NA,NA,NA,NA,NA,NA,NA
273,0.030811991542577744,6.996054435148835e-05,0.0003425269387662411,0.002974781673401594,0.01961558125913143,0.0021471665240824223,0.005661971401423216,NA,NA,NA,NA,NA,NA,NA
274,0.0308434646576643,6.943791231606156e-05,0.00032939843367785215,0.002973198890686035,0.01957494206726551,0.0021255183964967728,0.005770965479314327,NA,NA,NA,NA,NA,NA,NA
275,0.030919112265110016,7.230753544718027e-05,0.00031464232597500086,0.0029928090516477823,0.019485685974359512,0.0020942799746990204,0.0059593855403363705,NA,NA,NA,NA,NA,NA,NA
276,0.03073335997760296,6.879317515995353e-05,0.0003649646241683513,0.0030602291226387024,0.01946432888507843,0.0020714495331048965,0.005703591741621494,NA,NA,NA,NA,NA,NA,NA
277,0.030463896691799164,6.855975516373292e-05,0.00032231563818641007,0.0031285465229302645,0.019270362332463264,0.0020597034599632025,0.005614410620182753,NA,NA,NA,NA,NA,NA,NA
278,0.030858339741826057,6.809085607528687e-05,0.0005377631750889122,0.003060458693653345,0.019388336688280106,0.002153663197532296,0.005650024861097336,NA,NA,NA,NA,NA,NA,NA
279,0.03083794191479683,9.887096530292183e-05,0.0005567097687162459,0.0030259359627962112,0.0193554125726223,0.0021161979530006647,0.005684814415872097,NA,NA,NA,NA,NA,NA,NA
280,0.030771007761359215,9.907394996844232e-05,0.0005550127825699747,0.002987921005114913,0.01931198500096798,0.002112339250743389,0.005704676732420921,NA,NA,NA,NA,NA,NA,NA
281,0.030518805608153343,8.421694656135514e-05,0.0004484681412577629,0.002945541637018323,0.019355308264493942,0.0020863821264356375,0.00559889106079936,NA,NA,NA,NA,NA,NA,NA
282,0.03024333156645298,0.0001070010766852647,0.00039322199882008135,0.002906342037022114,0.01914491318166256,0.0021096316631883383,0.005582223646342754,NA,NA,NA,NA,NA,NA,NA
283,0.03023041971027851,9.946597128873691e-05,0.0003592039574868977,0.0028953508008271456,0.01920383982360363,0.002186284400522709,0.005486277863383293,NA,NA,NA,NA,NA,NA,NA
284,0.03050326183438301,0.00011654985428322107,0.00033841223921626806,0.0029390626586973667,0.019518282264471054,0.0021084374748170376,0.00548251997679472,NA,NA,NA,NA,NA,NA,NA
285,0.030956393107771873,8.793662709649652e-05,0.00040592512232251465,0.0029839640483260155,0.019928615540266037,0.0020842000376433134,0.0054657538421452045,NA,NA,NA,NA,NA,NA,NA
286,0.030999796465039253,0.00011616546544246376,0.0005532080540433526,0.0029551670886576176,0.019705066457390785,0.0022364372853189707,0.005433752667158842,NA,NA,NA,NA,NA,NA,NA
287,0.030596736818552017,9.269074507756159e-05,0.0006813836516812444,0.003051909850910306,0.019246354699134827,0.0021156384609639645,0.00540876155719161,NA,NA,NA,NA,NA,NA,NA
288,0.030455250293016434,8.737487951293588e-05,0.0007041770732030272,0.0030678154435008764,0.018956171348690987,0.002030940493568778,0.005608770065009594,NA,NA,NA,NA,NA,NA,NA
289,0.03169931843876839,0.0001738687278702855,0.00043110569822601974,0.003220819402486086,0.018788812682032585,0.002015621168538928,0.00706908805295825,NA,NA,NA,NA,NA,NA,NA
290,0.03088945522904396,0.00023117521777749062,0.0003663361712824553,0.00309191457927227,0.018762288615107536,0.0019690245389938354,0.006468717008829117,NA,NA,NA,NA,NA,NA,NA
291,0.030259989202022552,0.0003465218178462237,0.0003568489628378302,0.002969181863591075,0.018717272207140923,0.001949360710568726,0.0059208027087152,NA,NA,NA,NA,NA,NA,NA
292,0.029720600694417953,0.00028544419910758734,0.00030917662661522627,0.0029159069526940584,0.018582554534077644,0.0019173689652234316,0.005710150580853224,NA,NA,NA,NA,NA,NA,NA
293,0.029278729110956192,0.0002230264653917402,0.0002983114682137966,0.0028636199422180653,0.018401674926280975,0.0019275059457868338,0.005564590450376272,NA,NA,NA,NA,NA,NA,NA
294,0.02916114777326584,0.0002494183136150241,0.0003387664328329265,0.0028364649042487144,0.018355390056967735,0.0019051284762099385,0.00547598022967577,NA,NA,NA,NA,NA,NA,NA
295,0.02889038436114788,0.00021165958605706692,0.0003107018128503114,0.0028256275691092014,0.01822870597243309,0.0018888431368395686,0.005424847360700369,NA,NA,NA,NA,NA,NA,NA
296,0.028885744512081146,0.00022453194833360612,0.0002989720378536731,0.0027995987329632044,0.01833895593881607,0.0018763042753562331,0.005347380414605141,NA,NA,NA,NA,NA,NA,NA
297,0.029205571860074997,0.00015302795509342104,0.000604326487518847,0.0028271705377846956,0.018422842025756836,0.001878732000477612,0.005319472402334213,NA,NA,NA,NA,NA,NA,NA
298,0.02971140667796135,0.00011462717520771548,0.0009058971772901714,0.0027744665276259184,0.01873031072318554,0.0019001193577423692,0.0052859848365187645,NA,NA,NA,NA,NA,NA,NA
299,0.03011753037571907,8.928068564273417e-05,0.0012334194034337997,0.0027656310703605413,0.01863924041390419,0.0021212513092905283,0.0052687074057757854,NA,NA,NA,NA,NA,NA,NA
300,0.030167294666171074,7.466665556421503e-05,0.0008551139035262167,0.002757265465334058,0.018706170842051506,0.002516571432352066,0.005257503595203161,NA,NA,NA,NA,NA,NA,NA
301,0.029374901205301285,7.298970740521327e-05,0.0005471721524372697,0.0027336108032613993,0.018452202901244164,0.0023427146952599287,0.005226213950663805,NA,NA,NA,NA,NA,NA,NA
302,0.028966499492526054,6.779669638490304e-05,0.0005640404997393489,0.002727700397372246,0.01819527894258499,0.0022030326072126627,0.005208647344261408,NA,NA,NA,NA,NA,NA,NA
303,0.028599271550774574,6.622185173910111e-05,0.00048186484491452575,0.0027437389362603426,0.018033985048532486,0.0020647209603339434,0.005208740010857582,NA,NA,NA,NA,NA,NA,NA
304,0.02848167158663273,6.424554158002138e-05,0.00043170631397515535,0.002751279156655073,0.018029870465397835,0.0019853294361382723,0.00521923927590251,NA,NA,NA,NA,NA,NA,NA
305,0.028447138145565987,6.306503928499296e-05,0.00033318583155050874,0.002794729545712471,0.018061164766550064,0.0019250711193308234,0.005269921384751797,NA,NA,NA,NA,NA,NA,NA
306,0.02819063887000084,6.240399670787156e-05,0.0002911336487159133,0.002784729702398181,0.017965596169233322,0.0018589753890410066,0.00522780092433095,NA,NA,NA,NA,NA,NA,NA
307,0.028000395745038986,6.1003313021501526e-05,0.00027218603645451367,0.002770322607830167,0.0178342517465353,0.0018475527176633477,0.005215077195316553,NA,NA,NA,NA,NA,NA,NA
308,0.027966562658548355,6.050822776160203e-05,0.00027676078025251627,0.00273534026928246,0.017767494544386864,0.001812647096812725,0.005313809961080551,NA,NA,NA,NA,NA,NA,NA
309,0.027886923402547836,6.125515938038006e-05,0.00024850183399394155,0.002781990682706237,0.017765136435627937,0.0017999921692535281,0.0052300444804131985,NA,NA,NA,NA,NA,NA,NA
310,0.027728160843253136,6.0503218264784664e-05,0.00024724332615733147,0.0027361521497368813,0.017674952745437622,0.0018029843922704458,0.005206327419728041,NA,NA,NA,NA,NA,NA,NA
311,0.02783869579434395,6.407168257283047e-05,0.0002628148067742586,0.002742868149653077,0.0177720058709383,0.0017904136329889297,0.005206518340855837,NA,NA,NA,NA,NA,NA,NA
312,0.02769392915070057,7.734817336313426e-05,0.0002694955328479409,0.0026943213306367397,0.017717009410262108,0.0017636861884966493,0.005172067787498236,NA,NA,NA,NA,NA,NA,NA
313,0.027734268456697464,9.584390500094742e-05,0.0002622580504976213,0.0026940354146063328,0.017741570249199867,0.0018059518188238144,0.005134607199579477,NA,NA,NA,NA,NA,NA,NA
314,0.027918582782149315,7.861262565711513e-05,0.00029035905026830733,0.0028137958142906427,0.01777304708957672,0.0018240646459162235,0.005138703156262636,NA,NA,NA,NA,NA,NA,NA
315,0.028400810435414314,6.364926957758144e-05,0.000523233029525727,0.0027879495173692703,0.018010543659329414,0.0018198741599917412,0.0051955608651041985,NA,NA,NA,NA,NA,NA,NA
316,0.02795470505952835,6.0460948589025065e-05,0.00034982277429662645,0.0027035505045205355,0.017888974398374557,0.001803213031962514,0.005148683674633503,NA,NA,NA,NA,NA,NA,NA
317,0.02756550721824169,6.022991146892309e-05,0.00030084108584560454,0.0026729353703558445,0.017641380429267883,0.0017968094907701015,0.005093307700008154,NA,NA,NA,NA,NA,NA,NA
318,0.027452407404780388,5.849360968568362e-05,0.00036002742126584053,0.002634111326187849,0.01755816489458084,0.001785416272468865,0.005056192632764578,NA,NA,NA,NA,NA,NA,NA
319,0.02782602235674858,5.833534669363871e-05,0.0003263778635300696,0.0026085064746439457,0.01783117651939392,0.0017842856468632817,0.005217337515205145,NA,NA,NA,NA,NA,NA,NA
320,0.02770128846168518,6.152528658276424e-05,0.00025443467893637717,0.0025948132388293743,0.017582526430487633,0.0017751118866726756,0.005432878155261278,NA,NA,NA,NA,NA,NA,NA
321,0.027473855763673782,5.952867286396213e-05,0.00026044275728054345,0.0025953631848096848,0.01741809956729412,0.001766278757713735,0.005374141503125429,NA,NA,NA,NA,NA,NA,NA
322,0.02732868306338787,6.141157064121217e-05,0.00030068575870245695,0.0026213566306978464,0.017296768724918365,0.001739527564495802,0.005308932159096003,NA,NA,NA,NA,NA,NA,NA
323,0.02704181894659996,6.108036905061454e-05,0.0002774708264041692,0.002650968497619033,0.017175454646348953,0.0017532295314595103,0.005123616196215153,NA,NA,NA,NA,NA,NA,NA
324,0.027053579688072205,6.0097037930972874e-05,0.0002514170773793012,0.002852474804967642,0.017071684822440147,0.0017609844217076898,0.005056924186646938,NA,NA,NA,NA,NA,NA,NA
325,0.027007030323147774,5.753545701736584e-05,0.0003003318270202726,0.0028543281368911266,0.01696229912340641,0.0017916442593559623,0.00504089193418622,NA,NA,NA,NA,NA,NA,NA
326,0.027115629985928535,5.60255502932705e-05,0.0004232288629282266,0.0027762125246226788,0.017012951895594597,0.0018235476454719901,0.005023661069571972,NA,NA,NA,NA,NA,NA,NA
327,0.02692916989326477,5.55474434804637e-05,0.00030570884700864553,0.0026854542084038258,0.01710086315870285,0.0018066824413836002,0.004974912852048874,NA,NA,NA,NA,NA,NA,NA
328,0.026947468519210815,6.313593621598557e-05,0.0003152920980937779,0.00261843204498291,0.017172764986753464,0.0018279472133144736,0.004949895665049553,NA,NA,NA,NA,NA,NA,NA
329,0.026892084628343582,5.87347021792084e-05,0.00031227097497321665,0.00255491491407156,0.017142895609140396,0.0018504614708945155,0.00497280340641737,NA,NA,NA,NA,NA,NA,NA
330,0.026679517701268196,5.739211701438762e-05,0.0002558102714829147,0.002532556653022766,0.017160499468445778,0.0017619570717215538,0.004911303054541349,NA,NA,NA,NA,NA,NA,NA
331,0.02669025957584381,9.820550621952862e-05,0.00023074795899447054,0.0025914045982062817,0.017069289460778236,0.0017531096236780286,0.004947502166032791,NA,NA,NA,NA,NA,NA,NA
332,0.026600779965519905,8.308119868161157e-05,0.0003037285932805389,0.0025321668945252895,0.016939833760261536,0.0017541891429573298,0.004987780004739761,NA,NA,NA,NA,NA,NA,NA
333,0.026698103174567223,0.00014797459880355746,0.00032364221988245845,0.0025323263835161924,0.016832875087857246,0.0017219579312950373,0.005139330867677927,NA,NA,NA,NA,NA,NA,NA
334,0.0268668495118618,0.00010625964205246419,0.00045788323041051626,0.00250900792889297,0.01677711494266987,0.0017101457342505455,0.00530643854290247,NA,NA,NA,NA,NA,NA,NA
335,0.026676103472709656,0.00014699807798024267,0.0005434479680843651,0.002502070041373372,0.016660884022712708,0.0017324445070698857,0.005090260412544012,NA,NA,NA,NA,NA,NA,NA
336,0.026386821642518044,0.00011945605365326628,0.00048470875481143594,0.0024905195459723473,0.016598517075181007,0.0017210229998454452,0.00497259758412838,NA,NA,NA,NA,NA,NA,NA
337,0.02627214975655079,0.00013109420251566917,0.0003818763652816415,0.002482393989339471,0.016647661104798317,0.0017389768036082387,0.00489014433696866,NA,NA,NA,NA,NA,NA,NA
338,0.026221944019198418,0.00012511841487139463,0.00042575193219818175,0.002468343358486891,0.016544882208108902,0.0017883919645100832,0.0048694550059735775,NA,NA,NA,NA,NA,NA,NA
339,0.026644594967365265,7.784601621096954e-05,0.000494978332426399,0.002506996737793088,0.01690688729286194,0.0018034938257187605,0.004854394122958183,NA,NA,NA,NA,NA,NA,NA
340,0.027080995962023735,6.451787339756265e-05,0.0007958540809340775,0.002494646003469825,0.017031073570251465,0.001876736176200211,0.004818166606128216,NA,NA,NA,NA,NA,NA,NA
341,0.027236836031079292,6.127876986283809e-05,0.0013120051007717848,0.0024584641214460135,0.01682002656161785,0.0018051197985187173,0.00477994279935956,NA,NA,NA,NA,NA,NA,NA
342,0.02660844288766384,6.440813012886792e-05,0.0007102013914845884,0.0024989049416035414,0.01669989340007305,0.0017854219768196344,0.004849614109843969,NA,NA,NA,NA,NA,NA,NA
343,0.026731453835964203,8.153246744768694e-05,0.0006563171627931297,0.002510849619284272,0.016778988763689995,0.0018352988408878446,0.004868466407060623,NA,NA,NA,NA,NA,NA,NA
344,0.026643486693501472,9.988668898586184e-05,0.00042658415623009205,0.0025131276343017817,0.016966594383120537,0.001788637018762529,0.004848657175898552,NA,NA,NA,NA,NA,NA,NA
345,0.02636590227484703,9.58266100496985e-05,0.0003323254641145468,0.0025052863638848066,0.016876161098480225,0.0017367126420140266,0.004819588270038366,NA,NA,NA,NA,NA,NA,NA
346,0.026396285742521286,9.53564522205852e-05,0.00027217110618948936,0.0027997796423733234,0.01664796471595764,0.0017184509197250009,0.004862562753260136,NA,NA,NA,NA,NA,NA,NA
347,0.02640555426478386,0.0001249296183232218,0.00026386280660517514,0.0027520437724888325,0.01658603921532631,0.0017148485640063882,0.0049638282507658005,NA,NA,NA,NA,NA,NA,NA
348,0.025739189237356186,8.824165706755593e-05,0.000219368128455244,0.00261396705172956,0.016318485140800476,0.0016507577383890748,0.0048483689315617085,NA,NA,NA,NA,NA,NA,NA
349,0.025504225865006447,6.799260881962255e-05,0.00022206602443475276,0.0025563600938767195,0.016246313229203224,0.0016262115677818656,0.0047852820716798306,NA,NA,NA,NA,NA,NA,NA
350,0.025610819458961487,6.067776484997012e-05,0.0002101419522659853,0.002465971279889345,0.01630398817360401,0.001609078492037952,0.004960961639881134,NA,NA,NA,NA,NA,NA,NA
351,0.02541912905871868,6.734886119375005e-05,0.0002090552297886461,0.0024134537670761347,0.016280939802527428,0.0016288423212245107,0.004819488152861595,NA,NA,NA,NA,NA,NA,NA
352,0.02555605210363865,6.499139271909371e-05,0.00020263748592697084,0.0023944273125380278,0.016425667330622673,0.0015964488266035914,0.0048718829639256,NA,NA,NA,NA,NA,NA,NA
353,0.025424087420105934,6.290181045187637e-05,0.00018753991753328592,0.002365725813433528,0.01647084206342697,0.001591330161318183,0.004745748359709978,NA,NA,NA,NA,NA,NA,NA
354,0.02545068971812725,6.341729749692604e-05,0.00018406279559712857,0.002343411324545741,0.016530657187104225,0.0015788041055202484,0.004750335589051247,NA,NA,NA,NA,NA,NA,NA
355,0.02550584077835083,7.487989932997152e-05,0.000180332557647489,0.0023367132525891066,0.016670558601617813,0.0015561629552394152,0.004687193781137466,NA,NA,NA,NA,NA,NA,NA
356,0.025336695834994316,6.135096191428602e-05,0.00021401424601208419,0.0023206989280879498,0.016564197838306427,0.0015423288568854332,0.004634106997400522,NA,NA,NA,NA,NA,NA,NA
357,0.02527696266770363,5.585692633758299e-05,0.0002018211962422356,0.002327913651242852,0.016525093466043472,0.0015378800453618169,0.004628397058695555,NA,NA,NA,NA,NA,NA,NA
358,0.025132497772574425,7.992242171894759e-05,0.0001846597733674571,0.0023238167632371187,0.01628776267170906,0.0015557034639641643,0.004700631834566593,NA,NA,NA,NA,NA,NA,NA
359,0.024938717484474182,0.00014957149687688798,0.00020647600467782468,0.0023067565634846687,0.01602846570312977,0.0015814119251444936,0.004666033200919628,NA,NA,NA,NA,NA,NA,NA
360,0.02480136603116989,0.00012481478916015476,0.00020441114611458033,0.002286026254296303,0.015969842672348022,0.0015760136302560568,0.004640256054699421,NA,NA,NA,NA,NA,NA,NA
361,0.024622950702905655,0.00012143012281740084,0.00019491415878292173,0.0022876833099871874,0.015800075605511665,0.0015901867300271988,0.0046286615543067455,NA,NA,NA,NA,NA,NA,NA
362,0.02513234317302704,0.00011117521353298798,0.0002859064843505621,0.002323116874322295,0.01573237031698227,0.0015945371706038713,0.005085236858576536,NA,NA,NA,NA,NA,NA,NA
363,0.026017699390649796,9.193610458169132e-05,0.0006696712807752192,0.002357046352699399,0.01566898822784424,0.0015587019734084606,0.005671355873346329,NA,NA,NA,NA,NA,NA,NA
364,0.02581395022571087,7.985527190612629e-05,0.0009548292146064341,0.0023723517078906298,0.015635985881090164,0.0015424006851390004,0.005228528752923012,NA,NA,NA,NA,NA,NA,NA
365,0.02521122805774212,6.959908932913095e-05,0.0005103287403471768,0.002584816887974739,0.015561359003186226,0.0015239249914884567,0.00496120098978281,NA,NA,NA,NA,NA,NA,NA
366,0.024802468717098236,6.324602145468816e-05,0.00041515371412970126,0.0024703757371753454,0.015514465048909187,0.0015404493315145373,0.004798779264092445,NA,NA,NA,NA,NA,NA,NA
367,0.024652834981679916,6.362234853440896e-05,0.00031520213815383613,0.0024516505654901266,0.01561200711876154,0.0015427012694999576,0.004667650442570448,NA,NA,NA,NA,NA,NA,NA
368,0.025179708376526833,6.606244278373197e-05,0.00024210607807617635,0.002467872342094779,0.016104428097605705,0.0016615131171420217,0.00463772751390934,NA,NA,NA,NA,NA,NA,NA
369,0.024960961192846298,5.811616574646905e-05,0.00022104792878963053,0.0023830714635550976,0.0160764642059803,0.0016666775336489081,0.004555585328489542,NA,NA,NA,NA,NA,NA,NA
370,0.02482999861240387,7.968382124090567e-05,0.00019195878121536225,0.0023447915446013212,0.016006294637918472,0.0016661090776324272,0.004541159141808748,NA,NA,NA,NA,NA,NA,NA
371,0.02451458014547825,5.922776836086996e-05,0.00017069447494577616,0.0022837533615529537,0.015859073027968407,0.0016316836699843407,0.00451014656573534,NA,NA,NA,NA,NA,NA,NA
372,0.02438053861260414,5.494193101185374e-05,0.00016475543088745326,0.002309697913005948,0.015745168551802635,0.0016212662449106574,0.004484708420932293,NA,NA,NA,NA,NA,NA,NA
373,0.024250606074929237,5.143717135069892e-05,0.00018666248070076108,0.002264817710965872,0.0156785249710083,0.0015891498187556863,0.004480015020817518,NA,NA,NA,NA,NA,NA,NA
374,0.02399362437427044,4.752204040414654e-05,0.00019414516282267869,0.0022321934811770916,0.015530030243098736,0.001537988195195794,0.00445174565538764,NA,NA,NA,NA,NA,NA,NA
375,0.02400212176144123,4.779264054377563e-05,0.00025913582067005336,0.0022029164247214794,0.015565542504191399,0.0014959953259676695,0.004430739674717188,NA,NA,NA,NA,NA,NA,NA
376,0.02399940975010395,6.665246473858133e-05,0.0002750354178715497,0.0022094915620982647,0.015482415445148945,0.0015368293970823288,0.004428986459970474,NA,NA,NA,NA,NA,NA,NA
377,0.023977169767022133,5.034982314100489e-05,0.0003665405965875834,0.0021977266296744347,0.015392172150313854,0.0015412052161991596,0.004429174121469259,NA,NA,NA,NA,NA,NA,NA
378,0.02385697513818741,5.1804341637762263e-05,0.0003573344147298485,0.0021999881137162447,0.015326016582548618,0.0015072609530761838,0.004414569586515427,NA,NA,NA,NA,NA,NA,NA
379,0.02387399971485138,0.000112923800770659,0.000302559434203431,0.0022500890772789717,0.015294990502297878,0.0014923951821401715,0.004421040881425142,NA,NA,NA,NA,NA,NA,NA
380,0.02426653727889061,0.00024931502412073314,0.0005926925223320723,0.0022751607466489077,0.015214554034173489,0.0014995008241385221,0.00443531246855855,NA,NA,NA,NA,NA,NA,NA
381,0.024356475099921227,0.0005664287600666285,0.00038938867510296404,0.0022701735142618418,0.015111000277101994,0.001519440789707005,0.004500043578445911,NA,NA,NA,NA,NA,NA,NA
382,0.024139337241649628,0.0004949826397933066,0.0003161251079291105,0.0022494180593639612,0.015026665292680264,0.0015841244021430612,0.004468022845685482,NA,NA,NA,NA,NA,NA,NA
383,0.02407875284552574,0.00040323022403754294,0.0002982885343953967,0.002234968589618802,0.015015808865427971,0.0015520754968747497,0.004574378486722708,NA,NA,NA,NA,NA,NA,NA
384,0.02394142746925354,0.00022363429889082909,0.00038262171437963843,0.0022254425566643476,0.015059909783303738,0.0015961744356900454,0.004453645087778568,NA,NA,NA,NA,NA,NA,NA
385,0.024579506367444992,0.00014073615602683276,0.00022302624711301178,0.002179891336709261,0.015980565920472145,0.0016689995536580682,0.004386287648230791,NA,NA,NA,NA,NA,NA,NA
386,0.0245077982544899,0.00010419231693958864,0.00019400274322833866,0.002152075292542577,0.016034532338380814,0.0016805698396638036,0.00434242794290185,NA,NA,NA,NA,NA,NA,NA
387,0.02430844120681286,8.930258627515286e-05,0.00019452533160801977,0.0021208031103014946,0.015907473862171173,0.0016633521299809217,0.004332982935011387,NA,NA,NA,NA,NA,NA,NA
388,0.023853305727243423,7.177417137427256e-05,0.00018546002684161067,0.002128433436155319,0.015435339882969856,0.0016842231852933764,0.0043480731546878815,NA,NA,NA,NA,NA,NA,NA
389,0.024004245176911354,6.524995842482895e-05,0.00017933666822500527,0.002550184028223157,0.015219321474432945,0.0015988353407010436,0.004391320515424013,NA,NA,NA,NA,NA,NA,NA
390,0.023718787357211113,5.996298568788916e-05,0.0001635967055335641,0.0024706139229238033,0.01504240371286869,0.0015781011898070574,0.004404108971357346,NA,NA,NA,NA,NA,NA,NA
391,0.023394688963890076,5.622432945528999e-05,0.0001500910584582016,0.0023478162474930286,0.014944098889827728,0.0015555595746263862,0.00434090057387948,NA,NA,NA,NA,NA,NA,NA
392,0.023185204714536667,5.190173760638572e-05,0.00015112743130885065,0.0022938582114875317,0.014835817739367485,0.0015208933036774397,0.004331604111939669,NA,NA,NA,NA,NA,NA,NA
393,0.023528341203927994,5.000835153623484e-05,0.0005030399770475924,0.0022905103396624327,0.014915196225047112,0.0014665167545899749,0.004303067456930876,NA,NA,NA,NA,NA,NA,NA
394,0.024578562006354332,4.870767952525057e-05,0.0004408280074130744,0.0021774722263216972,0.014982952736318111,0.001440717838704586,0.005487881600856781,NA,NA,NA,NA,NA,NA,NA
395,0.028900891542434692,5.0572252803249285e-05,0.0002831228484865278,0.0021297596395015717,0.014988264068961143,0.0014292573323473334,0.01001991517841816,NA,NA,NA,NA,NA,NA,NA
396,0.02726898528635502,4.802643525181338e-05,0.00020328107348177582,0.0020835846662521362,0.015162286348640919,0.0014298232272267342,0.008341982029378414,NA,NA,NA,NA,NA,NA,NA
397,0.025278130546212196,6.634786404902115e-05,0.0001874087902251631,0.0020625244360417128,0.014915253967046738,0.0014109673211351037,0.00663562910631299,NA,NA,NA,NA,NA,NA,NA
398,0.024376170709729195,8.37131156004034e-05,0.00017527781892567873,0.002037524478510022,0.014793087728321552,0.0013966918922960758,0.005889877211302519,NA,NA,NA,NA,NA,NA,NA
399,0.023977097123861313,8.537041867384687e-05,0.00018377811647951603,0.002035752171650529,0.014799898490309715,0.001456160214729607,0.005416138097643852,NA,NA,NA,NA,NA,NA,NA
400,0.023805849254131317,0.00011014563642675057,0.00015786767471581697,0.00202523497864604,0.014930948615074158,0.0014874567277729511,0.005094197113066912,NA,NA,NA,NA,NA,NA,NA
401,0.023648293688893318,7.207012095022947e-05,0.0001838512544054538,0.0020070935133844614,0.0150294816121459,0.0014769163681194186,0.0048788804560899734,NA,NA,NA,NA,NA,NA,NA
402,0.023740116506814957,6.110217509558424e-05,0.0005121895228512585,0.0020008592400699854,0.014939873479306698,0.0014709384413436055,0.004755154252052307,NA,NA,NA,NA,NA,NA,NA
403,0.024577444419264793,6.049291914678179e-05,0.0014635592233389616,0.001986504066735506,0.01500450074672699,0.0014365260722115636,0.0046258592046797276,NA,NA,NA,NA,NA,NA,NA
404,0.024906106293201447,7.089541759341955e-05,0.0019342679297551513,0.0019838083535432816,0.014965458773076534,0.0013996477937325835,0.004552027676254511,NA,NA,NA,NA,NA,NA,NA
405,0.02398310787975788,7.661278505111113e-05,0.0010511602740734816,0.0020138907711952925,0.0149312075227499,0.0013938135234639049,0.004516422748565674,NA,NA,NA,NA,NA,NA,NA
406,0.023554882034659386,4.845366856898181e-05,0.0007760931621305645,0.0021017282269895077,0.01480720192193985,0.0013781253946945071,0.004443281330168247,NA,NA,NA,NA,NA,NA,NA
407,0.02376103773713112,4.507676567300223e-05,0.0011834654724225402,0.002094131661579013,0.01466451771557331,0.0013702925061807036,0.0044035529717803,NA,NA,NA,NA,NA,NA,NA
408,0.023419314995408058,4.399130921228789e-05,0.0006553337443619967,0.0023002009838819504,0.014660644344985485,0.001390752731822431,0.0043683950789272785,NA,NA,NA,NA,NA,NA,NA
409,0.022945282980799675,4.257842738297768e-05,0.00046412632218562067,0.002158719813451171,0.014521709643304348,0.0014046172145754099,0.004353530704975128,NA,NA,NA,NA,NA,NA,NA
410,0.02281247079372406,4.344593617133796e-05,0.00036014485522173345,0.002133497968316078,0.014499896205961704,0.001440728665329516,0.00433475524187088,NA,NA,NA,NA,NA,NA,NA
411,0.02263362519443035,4.3205611291341484e-05,0.0002611727104522288,0.002103723119944334,0.014447284862399101,0.0014621145091950893,0.004316126462072134,NA,NA,NA,NA,NA,NA,NA
412,0.02265145629644394,4.735122638521716e-05,0.0002099423436447978,0.002136761089786887,0.014498863369226456,0.0014661079039797187,0.004292430356144905,NA,NA,NA,NA,NA,NA,NA
413,0.022487277165055275,4.433521826285869e-05,0.00017678957374300808,0.002049703849479556,0.01449817605316639,0.0014656559797003865,0.004252613056451082,NA,NA,NA,NA,NA,NA,NA
414,0.02239418961107731,4.477538459468633e-05,0.0001580584212206304,0.00198333989828825,0.014487060718238354,0.0014730067923665047,0.004247946199029684,NA,NA,NA,NA,NA,NA,NA
415,0.02252388559281826,4.352590622147545e-05,0.0001473188603995368,0.0019691921770572662,0.014673912897706032,0.0014726178487762809,0.004217319190502167,NA,NA,NA,NA,NA,NA,NA
416,0.02231808379292488,4.357778016128577e-05,0.00014717894373461604,0.001938466913998127,0.014537173323333263,0.0014452901668846607,0.0042063994333148,NA,NA,NA,NA,NA,NA,NA
417,0.02227034978568554,4.2757899791467935e-05,0.00014951643242966384,0.001955068903043866,0.014512956142425537,0.0014136541867628694,0.004196394234895706,NA,NA,NA,NA,NA,NA,NA
418,0.022256070747971535,4.312172677600756e-05,0.00013576139463111758,0.001983380177989602,0.01452725287526846,0.0013986998237669468,0.004167857114225626,NA,NA,NA,NA,NA,NA,NA
419,0.02221640758216381,4.166342114331201e-05,0.0001300761359743774,0.0019521766807883978,0.014507479034364223,0.0013828990049660206,0.0042021144181489944,NA,NA,NA,NA,NA,NA,NA
420,0.022289780899882317,4.7157031076494604e-05,0.0001279637508559972,0.0019341508159413934,0.014630446210503578,0.0013763809110969305,0.004173680674284697,NA,NA,NA,NA,NA,NA,NA
421,0.022308502346277237,4.386807995615527e-05,0.00012184083607280627,0.0019138342468068004,0.014547379687428474,0.0014127506874501705,0.004268827848136425,NA,NA,NA,NA,NA,NA,NA
422,0.022062251344323158,4.8347614210797474e-05,0.0001274797978112474,0.0018768832087516785,0.014395172707736492,0.0014138447586447,0.004200524650514126,NA,NA,NA,NA,NA,NA,NA
423,0.02233547531068325,8.520662231603637e-05,0.00019148369028698653,0.0019285533344373107,0.014579849317669868,0.00139828200917691,0.0041520982049405575,NA,NA,NA,NA,NA,NA,NA
424,0.02341310866177082,7.962916424730793e-05,0.00025213201297447085,0.002024605870246887,0.015471006743609905,0.0014410280855372548,0.004144706297665834,NA,NA,NA,NA,NA,NA,NA
425,0.023306293413043022,8.066163718467578e-05,0.0002778297057375312,0.001995950238779187,0.015378568321466446,0.0014644137118011713,0.004108871798962355,NA,NA,NA,NA,NA,NA,NA
426,0.02289239875972271,9.275050251744688e-05,0.000185205542948097,0.0019523885566741228,0.015118863433599472,0.0014310897095128894,0.004112103953957558,NA,NA,NA,NA,NA,NA,NA
427,0.022374100983142853,7.905246457085013e-05,0.0001601553667569533,0.0018994312267750502,0.014693539589643478,0.0014602248556911945,0.00408169673755765,NA,NA,NA,NA,NA,NA,NA
428,0.02216758020222187,6.20927385170944e-05,0.00014172005467116833,0.0019183848053216934,0.014514160342514515,0.0014726154040545225,0.004058605059981346,NA,NA,NA,NA,NA,NA,NA
429,0.02234628051519394,4.681669452111237e-05,0.00014820207434240729,0.002343524945899844,0.01425993349403143,0.0014992248034104705,0.004048579838126898,NA,NA,NA,NA,NA,NA,NA
430,0.02243531122803688,4.395259384182282e-05,0.00012759961828123778,0.0024686120450496674,0.014226197265088558,0.0014534289948642254,0.004115519113838673,NA,NA,NA,NA,NA,NA,NA
431,0.0224088616669178,4.178312883595936e-05,0.00011743373033823445,0.0022170408628880978,0.014132877811789513,0.0014233484398573637,0.004476374015212059,NA,NA,NA,NA,NA,NA,NA
432,0.022009817883372307,4.106895357836038e-05,0.00012131597759434953,0.0021070740185678005,0.0140585508197546,0.0014233343536034226,0.004258476197719574,NA,NA,NA,NA,NA,NA,NA
433,0.021619418635964394,3.989323886344209e-05,0.00011292476847302169,0.0019644619897007942,0.013976950198411942,0.0013937981566414237,0.004131389781832695,NA,NA,NA,NA,NA,NA,NA
434,0.02148531563580036,4.0719041862757877e-05,0.00011150650243507698,0.0019397484138607979,0.013915321789681911,0.0013800986343994737,0.004097922705113888,NA,NA,NA,NA,NA,NA,NA
435,0.02135094255208969,4.09194799431134e-05,0.00010670580377336591,0.0019050324335694313,0.013889049179852009,0.0013529169373214245,0.004056320060044527,NA,NA,NA,NA,NA,NA,NA
436,0.021304965019226074,5.634383705910295e-05,0.00011454813648015261,0.0018854456720873713,0.013887603767216206,0.0013340039877220988,0.0040270178578794,NA,NA,NA,NA,NA,NA,NA
437,0.021387845277786255,0.00014833205204922706,0.00019523240916896611,0.0018736158963292837,0.013866799883544445,0.0012988849775865674,0.004004981368780136,NA,NA,NA,NA,NA,NA,NA
438,0.021404344588518143,0.00014451541937887669,0.00028073633438907564,0.001853777444921434,0.013845792040228844,0.0012876539258286357,0.003991869743913412,NA,NA,NA,NA,NA,NA,NA
439,0.02188064716756344,0.0006663778913207352,0.00034719184623099864,0.0018385376315563917,0.013740220107138157,0.0012809012550860643,0.004007420036941767,NA,NA,NA,NA,NA,NA,NA
440,0.021804459393024445,0.0007644713623449206,0.0002553774684201926,0.0018465588800609112,0.013695321045815945,0.0012528906809166074,0.003989838995039463,NA,NA,NA,NA,NA,NA,NA
441,0.0214555487036705,0.00042723206570371985,0.0003261698584537953,0.001827351050451398,0.013650117442011833,0.0012432632502168417,0.003981413319706917,NA,NA,NA,NA,NA,NA,NA
442,0.02108742855489254,0.0002847292344085872,0.00017031286552082747,0.0018304716795682907,0.013593523763120174,0.0012435303069651127,0.0039648618549108505,NA,NA,NA,NA,NA,NA,NA
443,0.02106914110481739,0.0001866386301117018,0.0001729625219013542,0.0018318664515390992,0.013658052310347557,0.0012696674093604088,0.0039499541744589806,NA,NA,NA,NA,NA,NA,NA
444,0.02107546664774418,0.00013406014477368444,0.00021299680520314723,0.0018129278905689716,0.013645942322909832,0.0012633772566914558,0.004006160888820887,NA,NA,NA,NA,NA,NA,NA
445,0.021280741319060326,0.00010763694444904104,0.00020959219546057284,0.0017773075960576534,0.013746779412031174,0.0012874975800514221,0.00415192823857069,NA,NA,NA,NA,NA,NA,NA
446,0.0212053544819355,8.894267375580966e-05,0.00014143981388770044,0.0017740954644978046,0.013735172338783741,0.001269913394935429,0.004195793066173792,NA,NA,NA,NA,NA,NA,NA
447,0.02133251540362835,7.431175617966801e-05,0.00013254769146442413,0.0017632355447858572,0.013794795610010624,0.001301606884226203,0.004266019444912672,NA,NA,NA,NA,NA,NA,NA
448,0.02112685516476631,6.555781146744266e-05,0.00012422793952282518,0.0017526414012536407,0.013752207159996033,0.001297404058277607,0.00413481704890728,NA,NA,NA,NA,NA,NA,NA
449,0.021101873368024826,6.0460348322521895e-05,0.0002074711082968861,0.001751252799294889,0.013779114931821823,0.0013168978039175272,0.003986678086221218,NA,NA,NA,NA,NA,NA,NA
450,0.021323982626199722,5.749147749156691e-05,0.0003759326646104455,0.0017476148204877973,0.013878006488084793,0.0013357676798477769,0.003929167985916138,NA,NA,NA,NA,NA,NA,NA
451,0.021514756605029106,5.3265866881702095e-05,0.0005502945859916508,0.0018201421480625868,0.013784827664494514,0.00138847844209522,0.003917747177183628,NA,NA,NA,NA,NA,NA,NA
452,0.021459950134158134,5.14063831360545e-05,0.0003358200192451477,0.0017881853273138404,0.014044787734746933,0.001352701336145401,0.0038870477583259344,NA,NA,NA,NA,NA,NA,NA
453,0.02216876856982708,4.9874874093802646e-05,0.0007904048543423414,0.0017639113357290626,0.014265283942222595,0.0013976896880194545,0.0039016047958284616,NA,NA,NA,NA,NA,NA,NA
454,0.02304643765091896,5.43414571438916e-05,0.001837476040236652,0.0017407442210242152,0.014026902616024017,0.0014781317440792918,0.003908841405063868,NA,NA,NA,NA,NA,NA,NA
455,0.022766662761569023,6.292471516644582e-05,0.001641073147766292,0.001712009310722351,0.013925902545452118,0.0014674123376607895,0.0039573414251208305,NA,NA,NA,NA,NA,NA,NA
456,0.022276179865002632,5.5560907640028745e-05,0.0012474150862544775,0.0017052614130079746,0.013850177638232708,0.0014695017598569393,0.0039482638239860535,NA,NA,NA,NA,NA,NA,NA
457,0.02178238146007061,5.686340591637418e-05,0.0007144585251808167,0.0017392643494531512,0.013860862702131271,0.0014958404935896397,0.003915093373507261,NA,NA,NA,NA,NA,NA,NA
458,0.021394414827227592,4.981092570233159e-05,0.0004808058438356966,0.0017518617678433657,0.013832696713507175,0.0014021267415955663,0.0038771142717450857,NA,NA,NA,NA,NA,NA,NA
459,0.021079612895846367,4.670983616961166e-05,0.00033933616941794753,0.0017745118821039796,0.013709823600947857,0.0013692413922399282,0.003839990124106407,NA,NA,NA,NA,NA,NA,NA
460,0.021151529625058174,4.5927019527880475e-05,0.0002491418563295156,0.00186232291162014,0.013816552236676216,0.0013675453374162316,0.00381004111841321,NA,NA,NA,NA,NA,NA,NA
461,0.021601621061563492,4.8940652050077915e-05,0.00019002644694410264,0.002333889715373516,0.013833495788276196,0.0013920343481004238,0.0038032347802072763,NA,NA,NA,NA,NA,NA,NA
462,0.02125312015414238,4.319928848417476e-05,0.0001725275069475174,0.0021170463878661394,0.01368863508105278,0.0013524172827601433,0.003879296127706766,NA,NA,NA,NA,NA,NA,NA
463,0.021094683557748795,4.455925227375701e-05,0.00014573390944860876,0.001940491609275341,0.013809815049171448,0.0013109258143231273,0.003843156388029456,NA,NA,NA,NA,NA,NA,NA
464,0.020999910309910774,4.459615593077615e-05,0.00012210225395392627,0.0018468254711478949,0.013862600550055504,0.0012706811539828777,0.0038531040772795677,NA,NA,NA,NA,NA,NA,NA
465,0.02066497504711151,4.4564887502929196e-05,0.00011507326416904107,0.001771765761077404,0.013638714328408241,0.0012458902783691883,0.00384896551258862,NA,NA,NA,NA,NA,NA,NA
466,0.02063904143869877,6.2154394981917e-05,0.00011162042937939987,0.00175182253587991,0.01355564035475254,0.0012369200121611357,0.003920884802937508,NA,NA,NA,NA,NA,NA,NA
467,0.02047542855143547,8.497790986439213e-05,0.00010320665023755282,0.0017383764497935772,0.013447731733322144,0.0012674423633143306,0.0038336943835020065,NA,NA,NA,NA,NA,NA,NA
468,0.020589346066117287,0.00010838869638973847,0.00010195712093263865,0.0017073130002245307,0.013536459766328335,0.0012598710600286722,0.003875354304909706,NA,NA,NA,NA,NA,NA,NA
469,0.02051684632897377,9.581693302607164e-05,9.65769067988731e-05,0.0016745607135817409,0.013511361554265022,0.0013019562466070056,0.0038365742657333612,NA,NA,NA,NA,NA,NA,NA
470,0.020719140768051147,8.554576925234869e-05,9.288815635954961e-05,0.0016653670463711023,0.013698803260922432,0.0013393725967034698,0.003837164491415024,NA,NA,NA,NA,NA,NA,NA
471,0.02067461982369423,6.016467523295432e-05,9.158245666185394e-05,0.0017007340211421251,0.013687040656805038,0.0013323603197932243,0.0038027374539524317,NA,NA,NA,NA,NA,NA,NA
472,0.020528310909867287,6.300572567852214e-05,9.269419388147071e-05,0.0016701469430699944,0.013596396893262863,0.0013106551486998796,0.00379541190341115,NA,NA,NA,NA,NA,NA,NA
473,0.020482227206230164,5.212594987824559e-05,9.129201498581097e-05,0.0016438941238448024,0.013456438668072224,0.0012932952959090471,0.003945182543247938,NA,NA,NA,NA,NA,NA,NA
474,0.020510127767920494,6.01264982833527e-05,9.399501868756488e-05,0.001680483459495008,0.013447425328195095,0.00128928164485842,0.003938815090805292,NA,NA,NA,NA,NA,NA,NA
475,0.020404530689120293,6.249990110518411e-05,9.866407344816253e-05,0.0016696590464562178,0.013315537944436073,0.0012879743007943034,0.0039701927453279495,NA,NA,NA,NA,NA,NA,NA
476,0.02040741965174675,8.080927364062518e-05,0.0001003314828267321,0.0017054378986358643,0.013292171992361546,0.0012564323842525482,0.003972237929701805,NA,NA,NA,NA,NA,NA,NA
477,0.020362913608551025,6.335055513773113e-05,0.00010049129923572764,0.001790394657291472,0.0132617661729455,0.00127589819021523,0.0038710113149136305,NA,NA,NA,NA,NA,NA,NA
478,0.02015608921647072,0.00010658966493792832,8.976667595561594e-05,0.0017659260192885995,0.013165389187633991,0.001242046826519072,0.003786372486501932,NA,NA,NA,NA,NA,NA,NA
479,0.020087651908397675,0.00011929050378967077,8.604161848779768e-05,0.0017757497262209654,0.013152447529137135,0.0012256157351657748,0.003728508483618498,NA,NA,NA,NA,NA,NA,NA
480,0.01998269185423851,0.00011344814993208274,8.239366434281692e-05,0.0017480942187830806,0.01312771812081337,0.0012073421385139227,0.0037036952562630177,NA,NA,NA,NA,NA,NA,NA
481,0.019800102338194847,8.255838474724442e-05,8.323977090185508e-05,0.0016720897983759642,0.013099837116897106,0.0011810362339019775,0.003681339556351304,NA,NA,NA,NA,NA,NA,NA
482,0.01974678970873356,5.638364746118896e-05,9.052718087332323e-05,0.001610659179277718,0.013132667168974876,0.0011781399371102452,0.0036784145049750805,NA,NA,NA,NA,NA,NA,NA
483,0.0198279470205307,7.185101276263595e-05,8.640604937681928e-05,0.001587968203239143,0.013208498246967793,0.0011826263507828116,0.003690596204251051,NA,NA,NA,NA,NA,NA,NA
484,0.01994556561112404,5.4622680181637406e-05,0.00022647024889010936,0.001575527829118073,0.013249234296381474,0.0011684318305924535,0.003671278478577733,NA,NA,NA,NA,NA,NA,NA
485,0.019821904599666595,4.801602699444629e-05,0.00012757488002534956,0.0015620588092133403,0.013247166760265827,0.0011579189449548721,0.0036791684105992317,NA,NA,NA,NA,NA,NA,NA
486,0.019830875098705292,4.828323653782718e-05,0.00019855177379213274,0.0015657517360523343,0.013169299811124802,0.0011481358669698238,0.003700850298628211,NA,NA,NA,NA,NA,NA,NA
487,0.020081553608179092,4.291910590836778e-05,0.0003508024965412915,0.0015505761839449406,0.013232813216745853,0.001178572652861476,0.0037258677184581757,NA,NA,NA,NA,NA,NA,NA
488,0.019986163824796677,3.9391499740304425e-05,0.00024398876121267676,0.001554273534566164,0.013249324634671211,0.0011887565487995744,0.0037104261573404074,NA,NA,NA,NA,NA,NA,NA
489,0.019889431074261665,3.697192732943222e-05,0.0001459260965930298,0.0015951895620673895,0.013070335611701012,0.001258557545952499,0.00378245091997087,NA,NA,NA,NA,NA,NA,NA
490,0.020371081307530403,3.529027890181169e-05,0.00012983712076675147,0.0015873430529609323,0.013091810047626495,0.0012541438918560743,0.0042726569809019566,NA,NA,NA,NA,NA,NA,NA
491,0.020822105929255486,3.446266055107117e-05,0.0002334400633117184,0.0017130556516349316,0.013185899704694748,0.001255909213796258,0.004399335011839867,NA,NA,NA,NA,NA,NA,NA
492,0.020359423011541367,3.461455708020367e-05,0.0001739005820127204,0.0016806808998808265,0.013180769048631191,0.001229544053785503,0.004059914965182543,NA,NA,NA,NA,NA,NA,NA
493,0.02002832107245922,3.476827623671852e-05,0.00012251341831870377,0.0016435162397101521,0.013120953924953938,0.001234577503055334,0.003871992463245988,NA,NA,NA,NA,NA,NA,NA
494,0.019840290769934654,3.393221413716674e-05,0.0001265810278709978,0.0016464015934616327,0.013041254132986069,0.0012520479504019022,0.00374007155187428,NA,NA,NA,NA,NA,NA,NA
495,0.019719339907169342,3.2990988984238356e-05,0.00012447765038814396,0.0015971098328009248,0.013034620322287083,0.0012667604023590684,0.003663379233330488,NA,NA,NA,NA,NA,NA,NA
496,0.019691264256834984,3.368911347934045e-05,0.00010254564404021949,0.0015766979195177555,0.013055377639830112,0.001298706280067563,0.003624246222898364,NA,NA,NA,NA,NA,NA,NA
497,0.019562283530831337,3.3383446861989796e-05,9.868270717561245e-05,0.0015609929105266929,0.013010184280574322,0.0012679266510531306,0.0035911148879677057,NA,NA,NA,NA,NA,NA,NA
498,0.01943231001496315,3.4570490242913365e-05,8.52385419420898e-05,0.0015619047917425632,0.012950942851603031,0.0012296620989218354,0.0035699910949915648,NA,NA,NA,NA,NA,NA,NA
499,0.019697630777955055,4.2425399442436174e-05,0.0003407466283533722,0.0015897147823125124,0.012933718040585518,0.0012390657793730497,0.003551959991455078,NA,NA,NA,NA,NA,NA,NA
